Date,Open,High,Low,Last,Close,Total Trade Quantity,Turnover (Lacs)
1/1/2013,1497,1524,1484.95,1515,1514.4,446063,6729.15
1/2/2013,1518.8,1566,1518.8,1564,1557.4,801361,12402.67
1/3/2013,1567,1567,1540.3,1541.4,1543.3,584243,9046.61
1/4/2013,1542,1558.9,1539.5,1545,1545.45,361754,5605.03
1/7/2013,1553.5,1601.75,1553.5,1583.95,1584.6,951298,15115.73
1/8/2013,1593.9,1594,1571,1575,1574.85,640368,10107.27
1/9/2013,1570,1595.4,1561.6,1570,1569.6,671715,10618.14
1/10/2013,1576.1,1589,1564.15,1565,1572.3,911264,14387.95
1/11/2013,1572,1592.95,1557.7,1564.1,1565.25,812488,12812.89
1/14/2013,1570,1578,1531,1543.6,1539.1,1491642,22981.52
1/15/2013,1545,1564.9,1543.2,1548,1546,693345,10770.46
1/16/2013,1540,1560,1482.3,1497.3,1493.2,1202364,18334.17
1/17/2013,1486.1,1521.7,1486.1,1494.3,1494.1,986779,14880.64
1/18/2013,1507.8,1564.2,1502.5,1549.9,1547.45,1741932,26949.16
1/21/2013,1555,1582.8,1550.75,1568,1574.6,1538191,24161.15
1/22/2013,1581,1594.9,1567.05,1568.75,1570.1,930310,14696.08
1/23/2013,1584,1586.35,1565.2,1575,1573.7,841493,13278.15
1/24/2013,1576,1578,1528.7,1545.25,1538.8,575646,8936.49
1/25/2013,1549,1606,1542.25,1603,1599.45,2993882,47346.59
1/28/2013,1621,1633.9,1600.5,1610,1608.15,1157319,18742.9
1/29/2013,1608,1628,1588,1590.9,1593.05,703176,11347.35
1/30/2013,1603.95,1622.75,1596,1602,1601.9,649445,10436.07
1/31/2013,1594,1616,1578.05,1587,1581.6,933230,14921.96
2/1/2013,1585.2,1621.8,1580,1604.7,1609.7,895967,14406.38
2/4/2013,1612,1616.8,1591,1598.15,1599.4,416405,6661.37
2/5/2013,1593,1610.5,1590,1601.25,1600.35,491977,7874.78
2/6/2013,1610,1639,1610,1628.1,1627.85,1082611,17641.61
2/7/2013,1626.95,1628.9,1614.4,1628.9,1622.35,480018,7781.54
2/8/2013,1625,1631.9,1577.15,1586.2,1587.7,659412,10572.68
2/11/2013,1593.7,1594.9,1555.85,1556.15,1558.8,361453,5665.67
2/12/2013,1561.55,1584,1548.15,1558,1558.95,442763,6929
2/13/2013,1559.7,1570,1530,1530,1532.45,598533,9259.42
2/14/2013,1515.1,1518.45,1476.35,1478.65,1485.25,1655638,24741.82
2/15/2013,1477.25,1485,1463.5,1470.5,1475.05,688998,10148.69
2/18/2013,1476,1485,1466.5,1479.1,1479.8,457163,6758.17
2/19/2013,1471.25,1524.8,1463.3,1499.8,1511.25,814306,12164.19
2/20/2013,1503.25,1511.25,1482.35,1505.2,1508.3,639004,9602.48
2/21/2013,1494,1507.9,1450.15,1455.85,1467.5,957074,14227.78
2/22/2013,1463.4,1467,1430.1,1436.2,1438.4,648683,9390.25
2/25/2013,1442,1459.9,1438.25,1448.55,1444.1,399084,5778.67
2/26/2013,1440,1440,1391.1,1392,1404.3,686212,9689.8
2/27/2013,1400,1429.85,1377.2,1401,1408.55,504783,7090.83
2/28/2013,1415.3,1418.8,1340.3,1371.35,1354.35,2957853,40373.11
3/1/2013,1364,1436.4,1362.25,1425.9,1424.4,935306,13167.43
3/4/2013,1408.1,1416.8,1390.9,1400,1398.75,277745,3892.11
3/5/2013,1395,1444.8,1395,1426,1430.75,620394,8862.44
3/6/2013,1434.45,1442.2,1411.3,1425,1424.45,436690,6233.62
3/7/2013,1419.5,1454.8,1409.85,1449,1449.35,425637,6128.21
3/8/2013,1460,1473.95,1415.9,1430.6,1428.95,756489,10872.49
3/11/2013,1438.9,1448,1414,1419,1417.95,372123,5319.25
3/12/2013,1410.65,1430,1401.7,1414.3,1417,423192,6001.78
3/13/2013,1404,1413.7,1371,1374.5,1374.25,328461,4558.15
3/14/2013,1372,1424.9,1360.75,1423,1418.8,627771,8797.25
3/15/2013,1424,1427.8,1387.6,1402.1,1406.7,444509,6254.75
3/18/2013,1390,1393.9,1355.65,1363.25,1361.05,369621,5065.17
3/19/2013,1366,1382.8,1335.05,1367,1364.65,677734,9239.26
3/20/2013,1355,1374,1332,1346.9,1342.6,454199,6151.68
3/21/2013,1343,1357.7,1288,1312.1,1306.95,707612,9308.41
3/22/2013,1313.8,1323,1295.5,1303,1305.55,719856,9404.13
3/25/2013,1321,1330,1276.4,1285,1285.2,336083,4378.31
3/26/2013,1275.2,1297.9,1266.1,1290,1293.25,303740,3901.38
3/28/2013,1287,1315.8,1271.7,1275,1281.2,840376,10859.18
4/1/2013,1280,1288.4,1262,1282,1283.8,280418,3580.73
4/2/2013,1275,1315.85,1260,1304.55,1307.8,798827,10380.73
4/3/2013,1295,1328.4,1295,1298,1303.5,361668,4757.16
4/4/2013,1292,1329.5,1282,1320,1311.1,385661,5052.5
4/5/2013,1327,1424,1327,1405.25,1406.3,1681662,23329.48
4/8/2013,1402.2,1424,1381.25,1423,1420.15,781175,10972.15
4/9/2013,1426,1442,1401,1411,1407.4,682014,9715.7
4/10/2013,1413.1,1417.65,1384.25,1413,1412.6,479132,6723.05
4/11/2013,1414,1432,1397.8,1425.25,1428.05,506487,7174.24
4/12/2013,1420,1430,1402.15,1405,1408.45,245123,3472.58
4/15/2013,1400,1444.9,1396.35,1424.9,1422.9,358385,5108.5
4/16/2013,1415,1487.9,1415,1485,1482.05,620229,9084.39
4/17/2013,1486.1,1504.8,1467.1,1494,1494.5,422625,6298.21
4/18/2013,1485.3,1533.45,1485.3,1519.9,1524.6,540860,8182.4
4/22/2013,1528,1553.85,1525.9,1543.65,1540.45,352370,5423.16
4/23/2013,1541,1544.2,1515.15,1538.55,1536.35,288841,4415.86
4/25/2013,1541.9,1599.25,1541.9,1582.45,1590.95,775649,12235.58
4/26/2013,1590.95,1693,1567.5,1674,1673.15,3505606,57924.99
4/29/2013,1675.85,1704.35,1675.85,1684,1683.5,897487,15162.65
4/30/2013,1690,1697,1655.85,1668,1669.6,400577,6701.96
5/2/2013,1642,1709.7,1642,1682,1679.8,877894,14790.77
5/3/2013,1682.75,1699.5,1661.6,1665.6,1665.4,575722,9638.95
5/6/2013,1669,1699,1657.4,1697.05,1692.4,414868,6974.87
5/7/2013,1700,1707.15,1683.8,1695,1692.8,462187,7822.57
5/8/2013,1697,1697,1674,1678.45,1680.85,306652,5157.58
5/9/2013,1682.25,1684,1655.9,1662,1660.15,344448,5746.94
5/10/2013,1675,1734.9,1673,1733.35,1727.95,1228156,21062.1
5/11/2013,1730,1739.95,1721.2,1738,1734.65,114025,1974.2
5/13/2013,1740,1740,1698.85,1705,1705,347596,5974.06
5/14/2013,1706,1715.9,1691.5,1705.2,1703.9,300610,5122.07
5/15/2013,1719.75,1758,1711.8,1737,1739.05,653485,11382.56
5/16/2013,1730.1,1749.8,1722.3,1725.25,1728.2,289810,5022.56
5/17/2013,1730,1741.25,1700.7,1709,1708.7,288440,4941.02
5/20/2013,1715,1774.4,1715,1741.8,1742.25,549253,9622.31
5/21/2013,1742.35,1744.55,1691.6,1698.9,1697.4,559417,9563.78
5/22/2013,1705,1714.65,1682,1686.05,1687.6,419210,7110.9
5/23/2013,1680,1687.45,1586.1,1640.15,1647.5,1072941,17485.44
5/24/2013,1650.4,1777,1614,1777,1674.9,743669,12298.03
5/27/2013,1670,1670,1633.7,1645.15,1648.75,584287,9620.56
5/28/2013,1650.05,1669,1650.05,1652.7,1655.1,333797,5535.17
5/29/2013,1650,1661.8,1620.65,1632,1634.15,457835,7511.77
5/30/2013,1623,1646,1603.35,1634.2,1637.5,593474,9661.52
5/31/2013,1625.1,1652.9,1598.15,1605,1605.6,410598,6679.37
6/3/2013,1599.95,1599.95,1548.35,1569,1568.55,432366,6755.52
6/4/2013,1555.65,1588.75,1539.3,1551,1546.8,431388,6731.63
6/5/2013,1550.1,1576.3,1533.25,1569.3,1568.25,621196,9699.52
6/6/2013,1558.8,1598.8,1550,1592,1587.1,498248,7875.07
6/7/2013,1565,1583.5,1545,1549.65,1554.9,780953,12219.56
6/10/2013,1575,1580.95,1510.15,1525.9,1521.85,503982,7739.81
6/11/2013,1512,1521,1481,1495,1490.45,675122,10088.62
6/12/2013,1486,1490,1461.9,1478.25,1479.65,469660,6921.78
6/13/2013,1459,1461.5,1430,1455,1456.6,690959,10002.11
6/14/2013,1482,1520,1471.65,1516,1514.15,383703,5769.99
6/17/2013,1535.1,1551.4,1505.1,1537,1535.25,533292,8166.5
6/18/2013,1535,1547,1521,1540,1538.55,529919,8140.79
6/19/2013,1529.2,1549.5,1524,1540,1543.75,389004,5968.89
6/20/2013,1520,1540.9,1493.25,1526,1525.15,505078,7666.23
6/21/2013,1520,1559.9,1511.75,1553,1554.65,433570,6686.51
6/24/2013,1546,1572,1531.8,1545,1544.45,707604,10963.64
6/25/2013,1540,1557.2,1502.25,1545,1545.2,484805,7422.34
6/26/2013,1546.2,1557.9,1513.6,1549.1,1544.75,408512,6296.98
6/27/2013,1560,1565,1511.2,1523.35,1521.2,493875,7563.44
6/28/2013,1540,1549.2,1517.1,1533.15,1537.75,444718,6796.86
7/1/2013,1540,1622.4,1515,1595,1605.45,856025,13361.54
7/2/2013,1590.5,1619,1572.5,1572.5,1578.65,589430,9417.06
7/3/2013,1561,1581,1555.65,1559.45,1560.95,173724,2721.1
7/4/2013,1570,1577,1533.05,1556.1,1557.35,278194,4324.94
7/5/2013,1571,1575,1549,1552.5,1554.55,273858,4271.17
7/8/2013,1545,1563,1530,1551,1551.05,311166,4814.45
7/9/2013,1544,1549,1521,1542.65,1543.85,467745,7186.11
7/10/2013,1537.05,1549.65,1530,1547.95,1543.5,344394,5308.35
7/11/2013,1560,1579.1,1497.25,1499.7,1505.55,543696,8349.93
7/12/2013,1495,1505.05,1438.5,1457,1447.95,945429,13802.34
7/15/2013,1449,1465,1433.15,1445.65,1446.6,522612,7562.8
7/16/2013,1429,1429.9,1401,1413.7,1411.25,817379,11539.97
7/17/2013,1412.25,1432.8,1401.5,1415.2,1421.15,1141103,16091.27
7/18/2013,1415,1456,1407.2,1455.5,1445.55,714436,10260.4
7/19/2013,1450.25,1462,1432.1,1449,1451.5,403857,5853.38
7/22/2013,1437,1466.5,1435,1450,1448.45,324022,4709.25
7/23/2013,1442.3,1464,1439.7,1449,1448.7,451305,6556.9
7/24/2013,1437,1443.8,1402.1,1415,1416.05,405613,5745.65
7/25/2013,1420.4,1452.15,1402.25,1412,1414,1896090,26905.15
7/26/2013,1448,1448,1352.7,1373.4,1375.4,1226137,16908.59
7/29/2013,1375,1378.1,1335.8,1347.95,1348.2,710715,9574.89
7/30/2013,1349.9,1362.8,1340.5,1343.05,1342.4,459744,6200.34
7/31/2013,1336,1336,1292,1325,1326.3,500776,6622.11
8/1/2013,1326,1359.6,1322.25,1340,1340.3,797570,10700.32
8/2/2013,1358,1363.85,1327.65,1341,1337.7,360939,4858.17
8/5/2013,1345.25,1361.8,1332.05,1341.1,1343.9,178344,2401.08
8/6/2013,1330,1358.75,1309.25,1332,1331.95,301434,4030.61
8/7/2013,1345,1349.9,1302,1326.25,1330.85,456603,6039.63
8/8/2013,1331.1,1392.4,1331.1,1385.4,1385.05,1398921,19282.45
8/12/2013,1392.25,1409,1372.2,1374.45,1380.2,700028,9771.91
8/13/2013,1355,1412.85,1355,1396.25,1396.95,1031827,14430.53
8/14/2013,1398,1424,1385,1385.1,1391.2,530381,7435.32
8/16/2013,1389.15,1389.2,1317.15,1320,1325.1,1464791,19454.72
8/19/2013,1320,1336.8,1300,1309,1308.45,429786,5631.06
8/20/2013,1300,1306.7,1268.6,1305,1297.9,916913,11801.87
8/21/2013,1313,1324.85,1275,1293,1284.45,926580,12037.04
8/22/2013,1284.2,1299,1232.6,1293,1285.7,1030562,13082.22
8/23/2013,1299.9,1324,1266.05,1297,1293,621224,8007.67
8/26/2013,1300,1318.3,1294.45,1310,1308.15,438706,5738.4
8/27/2013,1299.9,1306.95,1240,1265,1260.25,929746,11721.47
8/28/2013,1238,1249,1215,1236.75,1236.35,1150637,14168.63
8/29/2013,1240.5,1263.8,1223.3,1238,1250.6,573972,7127.66
8/30/2013,1246,1249,1225,1248.8,1243.55,758972,9401.37
9/2/2013,1240.25,1307.6,1233,1298.95,1300,537411,6856.43
9/3/2013,1315,1319.6,1254.5,1282,1276.05,627614,8080.21
9/4/2013,1269,1282.8,1242,1275.2,1276.5,656723,8287.01
9/5/2013,1290,1314.35,1290,1296.35,1299.6,531076,6915.54
9/6/2013,1311,1311.95,1277,1280.95,1288.4,473918,6122.61
9/10/2013,1305,1349.95,1300,1338.7,1336.65,857196,11448.02
9/11/2013,1351,1388.8,1346.3,1355.7,1360.8,1255303,17198.79
9/12/2013,1367.95,1376,1315.55,1316.55,1320.9,523296,7023.55
9/13/2013,1315,1335,1301,1318.7,1315.9,534719,7035.8
9/16/2013,1343.35,1379.3,1334.45,1362,1359.9,707004,9618.57
9/17/2013,1362,1388.8,1360,1375.7,1375.8,478211,6582.06
9/18/2013,1385,1405,1377,1402,1401.85,413270,5758.55
9/19/2013,1441,1503.4,1441,1475.45,1480,1132596,16794.51
9/20/2013,1479.9,1482,1401,1465.25,1467.25,751243,10811.38
9/23/2013,1450,1454.4,1388,1390,1401.25,500010,7065.06
9/24/2013,1390,1442,1387,1411.7,1410.8,517200,7343.46
9/25/2013,1414.9,1423,1376.15,1390.25,1393.2,326342,4563.97
9/26/2013,1415,1423,1380.1,1385.85,1387.55,537625,7508.28
9/27/2013,1391.9,1407.7,1361.55,1364.15,1366.95,599199,8265.49
9/30/2013,1366,1373.65,1340,1363,1358.55,406918,5497.89
10/1/2013,1364.05,1410,1364,1380.45,1380.2,931358,12922.19
10/3/2013,1394.95,1420,1375.2,1415.7,1412.35,650153,9143.82
10/4/2013,1410.5,1434.95,1406.05,1429,1428.5,666373,9500.36
10/7/2013,1425,1432.7,1402.05,1408.1,1410.2,329756,4657.85
10/8/2013,1420,1423.85,1400,1401.05,1406.6,411447,5813.87
10/9/2013,1407,1407,1386.2,1399.8,1398.5,481828,6728.11
10/10/2013,1399,1425.2,1398.25,1420,1421.1,617290,8750.6
10/11/2013,1436.1,1470,1413.1,1467.05,1464,762748,11054.78
10/14/2013,1465.25,1479,1442.4,1448.5,1446.9,697237,10210.91
10/15/2013,1452,1473.2,1431,1439.75,1439.9,413066,5987.3
10/17/2013,1440.05,1451.8,1418,1423.8,1427.05,316070,4536.6
10/18/2013,1432,1472.5,1428.1,1469,1468.75,490221,7157.43
10/21/2013,1470.35,1542.75,1470.1,1520.9,1519.95,877353,13313.59
10/22/2013,1523,1536,1505.3,1516,1514.6,351924,5342.44
10/23/2013,1516.8,1545,1482.5,1530,1528.85,534863,8069.76
10/24/2013,1528,1549.75,1499.95,1514,1513.9,580715,8878.65
10/25/2013,1501.1,1533.1,1490,1509,1508.7,432129,6546.08
10/28/2013,1510.35,1529,1503,1513.65,1513.35,919522,13961.75
10/29/2013,1590.9,1646.5,1565.75,1645.75,1635.25,4085346,65656.67
10/30/2013,1641,1659.9,1625,1638.9,1636.65,951167,15619.89
10/31/2013,1626.1,1646.7,1617.25,1639.05,1636.2,760636,12407.52
11/1/2013,1642,1655.85,1626.25,1635.7,1636.15,733492,12035.22
11/3/2013,1636.5,1658,1636.5,1648.05,1650,111953,1847.49
11/5/2013,1645,1645,1617.2,1623,1623.25,491093,8009.38
11/6/2013,1622,1644,1610,1617,1614.55,526949,8574.14
11/7/2013,1610.3,1644.9,1602.4,1611,1610.8,496581,8052.35
11/8/2013,1605.1,1610,1557.5,1579.3,1580.55,740937,11697.1
11/11/2013,1580,1604,1561.3,1588.45,1582.55,509621,8081.72
11/12/2013,1591.5,1622,1582.1,1585,1587.1,720325,11549.3
11/13/2013,1580,1594,1573,1580,1579.5,446748,7073.63
11/14/2013,1596.7,1625,1591.45,1616.95,1612.6,633129,10193.38
11/18/2013,1627.7,1635.15,1612.05,1633.1,1629.35,642611,10433.58
11/19/2013,1630,1691.1,1625.45,1677.55,1682.55,1253144,20977.89
11/20/2013,1690,1700,1643.1,1643.1,1649.85,612988,10263.01
11/21/2013,1654.9,1667.7,1638.85,1655.5,1647,591465,9777.43
11/22/2013,1662,1676.75,1636.25,1640,1640.15,822901,13566.41
11/25/2013,1653,1689.8,1646.3,1689.5,1678.9,730897,12192.95
11/26/2013,1680,1688,1654.55,1657.35,1663.3,395917,6603.69
11/27/2013,1668.05,1670,1641,1655,1659.95,571218,9447.45
11/28/2013,1669,1675,1648.15,1669.55,1666.65,888680,14780.56
11/29/2013,1670,1692.65,1667.15,1673,1676.15,502124,8438
12/2/2013,1670,1682.3,1656.6,1660,1661.4,495575,8261.5
12/3/2013,1660,1686.85,1652.25,1660.25,1663.25,572128,9562.71
12/4/2013,1652.3,1669.8,1633.95,1637.55,1639.75,428767,7091.07
12/5/2013,1667.15,1708.7,1667.15,1703,1700.15,1947489,32885.28
12/6/2013,1705.75,1717.65,1694,1703,1701.5,834899,14260.46
12/9/2013,1738.9,1770,1709.5,1769,1763.75,1184977,20599.37
12/10/2013,1763,1780.6,1746,1750.55,1751.8,1048021,18426.03
12/11/2013,1743.3,1775.9,1735,1754,1753,668007,11734.03
12/12/2013,1748,1748,1710.4,1715,1714.8,478485,8259.06
12/13/2013,1710,1719.95,1682.6,1694.95,1689.6,577334,9808.34
12/16/2013,1687,1714.9,1676,1703.6,1701.6,428119,7260.17
12/17/2013,1710.2,1731.7,1694.95,1699,1701.9,552326,9472.52
12/18/2013,1703.75,1740.85,1695.4,1738.45,1729.95,791839,13648.52
12/19/2013,1741,1798,1725.25,1784,1780.55,1469454,25999.92
12/20/2013,1795,1830,1774.95,1809,1809.65,1493300,26967.41
12/23/2013,1809,1819.9,1795.6,1802.2,1802.4,681383,12307.47
12/24/2013,1795,1802.55,1775.25,1792,1788.8,409326,7323.52
12/26/2013,1785,1803.75,1778.45,1792.2,1793.6,362435,6488.34
12/27/2013,1790.25,1800.7,1763,1773.45,1775.05,503568,8940.43
12/30/2013,1785,1794.85,1768,1779.9,1777.2,358010,6368.39
12/31/2013,1780.1,1784.95,1757.55,1762,1763.9,303542,5364.88
1/1/2014,1770,1776.9,1756.55,1763,1764,214453,3790.49
1/2/2014,1759,1814.8,1759,1770,1768.4,1565710,28112.57
1/3/2014,1766,1808.65,1752.25,1807,1798.6,583504,10405.02
1/6/2014,1805,1819.4,1792.55,1808,1807.7,549379,9917.36
1/7/2014,1838,1854.25,1820.1,1849,1845.75,1614578,29753.05
1/8/2014,1850,1860,1827.05,1850.4,1837.5,1398622,25772
1/9/2014,1858.8,1859,1801.1,1811.45,1811.8,947521,17318.74
1/10/2014,1811.1,1814.55,1768,1791.05,1794.1,670378,12054.63
1/13/2014,1800,1814.75,1765,1787.7,1782.75,559984,10000.73
1/14/2014,1783,1791.8,1759.1,1770.85,1773.35,530939,9406.02
1/15/2014,1790,1807,1767.1,1803,1800.1,612338,10950.77
1/16/2014,1803.1,1810.8,1785,1786.65,1789.85,429527,7709.63
1/17/2014,1778.2,1808.8,1766.3,1777,1775.2,310359,5548.4
1/20/2014,1774,1797.35,1762,1779.9,1778.2,340046,6054.75
1/21/2014,1782,1812.7,1782,1802,1801.9,541958,9777.73
1/22/2014,1805.5,1819,1795,1805.3,1807.85,424767,7686.53
1/23/2014,1796.1,1819.9,1788.45,1792,1793.8,493794,8918.52
1/24/2014,1784.9,1804.9,1769.25,1770.8,1774.25,377713,6742.9
1/27/2014,1755,1755,1690,1703.95,1702.3,923081,15791.57
1/28/2014,1715,1751.5,1540.4,1543.4,1566,6599087,107125.06
1/29/2014,1615.2,1697.8,1615.2,1675.05,1673.85,6737926,112507.71
1/30/2014,1668,1674,1625.6,1633.4,1635.9,1651215,27145.74
1/31/2014,1655,1655,1620.85,1641.4,1636.25,729347,11927.43
2/3/2014,1620,1660,1613.05,1614.85,1618.5,957497,15615.38
2/4/2014,1601,1630,1590,1619.85,1619.65,703285,11351.37
2/5/2014,1619,1623.1,1602.1,1606,1606.7,627278,10097.3
2/6/2014,1610.2,1644.95,1593,1643,1639.7,1237835,20081.52
2/7/2014,1654.95,1670.4,1648.5,1666,1664.95,921283,15315.61
2/10/2014,1665,1701.6,1665,1682.6,1688.85,896683,15093.51
2/11/2014,1690.25,1698,1668.1,1677,1678.15,294694,4944.64
2/12/2014,1685,1689.8,1643.1,1645,1647.7,442825,7340.42
2/13/2014,1646,1658.8,1632.5,1634,1641.25,439092,7216.2
2/14/2014,1642,1653.55,1615.65,1640.05,1643.4,451950,7386.86
2/17/2014,1635,1674.9,1635,1670.5,1665.7,617227,10233.49
2/18/2014,1675,1733.65,1666.1,1706,1708.45,954637,16249.91
2/19/2014,1714,1721,1692,1695.65,1698.1,341015,5807.44
2/20/2014,1697,1706,1674.2,1682,1683.3,344996,5826.57
2/21/2014,1686.1,1702.4,1671.55,1672.7,1675.6,340948,5749.2
2/24/2014,1675,1695,1645.8,1683,1684.4,326898,5486.36
2/25/2014,1690.1,1693.9,1672.4,1678,1678,245384,4120.51
2/26/2014,1668,1684.1,1651,1670.5,1664.05,584837,9739.57
2/28/2014,1640,1659.05,1573,1592,1589,1768632,28140.79
3/3/2014,1582,1616.9,1575,1582.5,1582.2,1060385,16891.9
3/4/2014,1577,1603,1550,1600.05,1597.4,797764,12605.3
3/5/2014,1614.7,1636.95,1593.55,1621.9,1625.4,728060,11800.18
3/6/2014,1629.7,1657,1618,1648,1650.45,422906,6924.68
3/7/2014,1655,1747,1640.2,1738,1735.05,944177,16107.79
3/10/2014,1730,1817.25,1716.65,1799.45,1801.1,1324717,23541.97
3/11/2014,1804,1811.7,1744.8,1752,1754.15,703249,12488.75
3/12/2014,1725,1791,1680,1763,1764.05,1443683,25205.11
3/13/2014,1766,1790.9,1733,1748,1747.35,641720,11342.12
3/14/2014,1715,1756.35,1710,1737,1738.45,588996,10223.6
3/18/2014,1900,1909,1852.25,1869.5,1868.2,1795672,33595.65
3/19/2014,1873,1889,1850.75,1864.6,1869.75,621508,11612.08
3/20/2014,1869,1874.8,1848.05,1860.8,1856.55,310199,5779.43
3/21/2014,1856.55,1879.25,1856.55,1867.95,1868.55,284182,5311.93
3/22/2014,1871,1878.9,1868.65,1869.15,1872.5,37419,701
3/24/2014,1877.65,1903,1873.25,1882,1886.3,329812,6223.9
3/25/2014,1881,1912,1875.85,1911,1901.7,395158,7485.46
3/26/2014,1911,1949,1911,1940,1937.1,634815,12303.31
3/27/2014,1941,1968.4,1920.15,1931.5,1935.55,825829,16019.74
3/28/2014,1935.9,1956.55,1920.1,1927,1931.4,326409,6319.05
3/31/2014,1937.95,1980,1925,1967.05,1971.75,437613,8579.31
4/1/2014,1976,1980,1922.1,1927,1930.85,288560,5612.29
4/2/2014,1935,1948.7,1922.85,1935.85,1933.2,268932,5207.44
4/3/2014,1940,1964.4,1927,1940.3,1939.7,307539,5973.49
4/4/2014,1940,1950,1917.15,1925,1927.2,195927,3788.72
4/7/2014,1925,1936,1872,1906,1904.95,319401,6061.22
4/9/2014,1890,1940,1876,1933.7,1932.5,698363,13370.4
4/10/2014,1933,1973.5,1916.1,1949,1959.95,486855,9517.78
4/11/2014,1941,1948.7,1923.15,1936.25,1935.7,504763,9760.7
4/15/2014,1924.3,1948.6,1904,1925,1927.2,228758,4395.11
4/16/2014,1929.25,1964.8,1926.45,1935.3,1935.25,371554,7238.22
4/17/2014,1937.5,1961.5,1915.9,1960.1,1951.35,337629,6579.48
4/21/2014,1953.45,2001,1953.45,1989.4,1988.3,481905,9575.17
4/22/2014,1998.95,2006.85,1967,1977,1975.6,323792,6421.48
4/23/2014,1984.9,1994,1969,1985,1982.05,398691,7902.47
4/25/2014,1990,1994,1917,1955,1956.2,1064921,20698.55
4/28/2014,1950,1966.8,1936.95,1951.75,1950.45,258675,5050.83
4/29/2014,1955,1961,1910.3,1915.7,1916.5,335612,6494.03
4/30/2014,1921.1,1940.8,1911,1927,1923,243902,4703.64
5/2/2014,1895,1908.7,1880.05,1883.4,1883.4,324650,6142.86
5/5/2014,1883,1916.4,1866,1898.85,1897.85,352889,6673.22
5/6/2014,1899,1916.05,1883,1910,1910.25,239206,4550.64
5/7/2014,1905.2,1907.2,1878.1,1887.85,1881.25,246112,4646.86
5/8/2014,1888,1900,1876.2,1900,1896.6,180796,3421.79
5/9/2014,1880,1983.75,1880,1976.15,1974.85,457287,8931.57
5/12/2014,1975,2064.85,1965.05,2052.95,2049.9,555623,11275.55
5/13/2014,2080,2120,2042.55,2090.3,2090.35,528807,11059.65
5/14/2014,2092,2120,2059.5,2082,2085.2,329237,6838.99
5/15/2014,2082,2127,2078,2127,2117.85,441637,9306.63
5/16/2014,2200,2318.5,2140.1,2157.65,2152.15,808438,17983.13
5/19/2014,2190,2250,2190,2211.95,2214.65,490566,10930.93
5/20/2014,2222,2236.8,2182.55,2190.9,2194,225127,4961.43
5/21/2014,2201,2209.95,2166,2166,2169.2,186665,4072.44
5/22/2014,2204.95,2287,2204.95,2256.45,2264.8,679922,15409.13
5/23/2014,2278.7,2403,2265.35,2390.15,2385.85,397790,9226.55
5/26/2014,2407.5,2505,2314.05,2340.1,2341.3,778712,18936.63
5/27/2014,2345.95,2368,2289,2300,2302.05,241821,5626.11
5/28/2014,2290,2360.3,2285.25,2310,2309.95,352579,8175.87
5/29/2014,2303.1,2337.7,2255.05,2313.55,2305.85,352983,8123.22
5/30/2014,2314.15,2339.95,2254,2266.15,2271.8,189180,4340.8
6/2/2014,2270,2340.35,2270,2339,2324.3,246577,5710.74
6/3/2014,2344.7,2356.8,2310,2342.3,2336.85,372134,8700.54
6/4/2014,2339.3,2393.05,2338,2377.75,2372.05,296026,7019.47
6/5/2014,2410,2427,2367.15,2371,2381.2,553410,13246.82
6/6/2014,2402,2412.9,2380,2388,2392.05,252012,6035.4
6/9/2014,2415,2449,2387.05,2432.5,2435.15,315081,7636.71
6/10/2014,2475,2484,2411,2473.45,2464.3,559445,13728.23
6/11/2014,2470,2482.5,2433,2440,2448.55,395488,9710.93
6/12/2014,2420,2488.35,2406.75,2486.8,2480.85,446513,11000.55
6/13/2014,2485,2496,2393.55,2404.8,2403.35,328108,8025.36
6/16/2014,2399,2409,2360.5,2380,2381.15,225806,5378.07
6/17/2014,2388,2422.5,2381,2407,2414.45,190284,4573.54
6/18/2014,2415,2449,2400,2435,2435,501190,12160.88
6/19/2014,2441,2449,2371,2371.25,2380.05,305893,7337.02
6/20/2014,2363.25,2397.35,2362,2365.15,2366.4,135952,3232.85
6/23/2014,2392,2394.95,2351.05,2385,2380.3,158501,3761.07
6/24/2014,2390,2422,2389.2,2419,2414.6,217974,5246.91
6/25/2014,2414.95,2528,2391.1,2464,2471,430866,10519.95
6/26/2014,2485,2503.95,2437.5,2480.35,2486.9,539042,13320.31
6/27/2014,2480.05,2480.05,2440,2443,2454.7,151990,3742.26
6/30/2014,2454.95,2469.5,2428.2,2437.5,2439.35,240672,5889.02
7/1/2014,2453.8,2605.4,2446.6,2582.5,2583.8,1505073,38412.1
7/2/2014,2593.8,2665,2568.25,2641.35,2641.95,775548,20386.04
7/3/2014,2650,2662,2615,2633.1,2629.9,395691,10434.49
7/4/2014,2627,2654.3,2616.65,2643,2642.5,346996,9156.33
7/7/2014,2649,2660,2618.6,2645,2638.85,252391,6650.72
7/8/2014,2660,2661.15,2578,2600,2589.65,325370,8488.23
7/9/2014,2607,2607,2492.2,2524.9,2516.45,406355,10394.89
7/10/2014,2517,2630,2490,2526.75,2531.7,349298,8880.7
7/11/2014,2525,2560.95,2472,2506.95,2504.65,273178,6860.31
7/14/2014,2482,2525.55,2482,2508.1,2509.65,142260,3569.76
7/15/2014,2526,2549.35,2507,2519,2518.45,171337,4325.8
7/16/2014,2524.95,2584.8,2502,2579.75,2572.15,255637,6499.07
7/17/2014,2575,2579.75,2527.25,2557,2560.35,214428,5474.87
7/18/2014,2550,2553.2,2505,2517.6,2524.6,260815,6577.38
7/21/2014,2524.6,2573,2524.6,2534.8,2541.35,238243,6084.27
7/22/2014,2545.8,2561,2493.65,2515.1,2513.4,236100,5966.68
7/23/2014,2525.15,2529.45,2479,2490,2490.05,253475,6335.52
7/24/2014,2500,2511,2485,2492,2498.7,288868,7213.37
7/25/2014,2497,2537,2496.9,2506.2,2509.3,230984,5819.02
7/28/2014,2510,2525,2492.6,2502,2505.5,182179,4573.12
7/30/2014,2509.95,2560,2485,2553.05,2552.45,189655,4797.27
7/31/2014,2564.75,2590,2511.4,2522,2524.05,958095,24444.43
8/1/2014,2510,2626.55,2509,2579,2586,943610,24465.66
8/4/2014,2590,2660,2571.4,2660,2645.7,480503,12581.2
8/5/2014,2653.7,2675,2628.6,2658,2665.85,412319,10954.44
8/6/2014,2654,2670,2630.35,2641.75,2637,238191,6311.65
8/7/2014,2629.5,2667,2629.5,2653,2649.4,286075,7585.65
8/8/2014,2629,2635,2593.5,2623,2622.6,266242,6957.9
8/11/2014,2639,2672,2635.05,2665,2664.55,226565,6020.03
8/12/2014,2672,2684.95,2647.2,2656.05,2664.25,223239,5943.21
8/13/2014,2653.3,2674.95,2643,2645.5,2650.95,186796,4959.17
8/14/2014,2645,2693,2645,2670,2666.55,311544,8327.07
8/18/2014,2651.15,2722.5,2651.15,2709.6,2703.55,359547,9697.42
8/19/2014,2715,2760,2712.2,2755,2749.3,404906,11081.36
8/20/2014,2749,2755,2724.95,2737,2737.85,212477,5812.1
8/21/2014,2743.95,2771,2738.1,2751.55,2750.55,206504,5692.31
8/22/2014,2756,2767.9,2729,2767.9,2754.85,192631,5291.2
8/25/2014,2781,2824.95,2779.2,2810.05,2805.85,390940,10954.72
8/26/2014,2785,2799.9,2755,2781,2772.4,295099,8187.77
8/27/2014,2785,2798.65,2760.75,2773,2769.25,308090,8540.41
8/28/2014,2775,2803.7,2761.7,2776.8,2784.5,444326,12374.17
9/1/2014,2804,2930,2792,2927.6,2912.8,640846,18420.75
9/2/2014,2929,2966,2907.8,2917,2915.05,431825,12638.74
9/3/2014,2940,2942,2897,2904,2908.55,423897,12356.29
9/4/2014,2910,2923.55,2883.1,2894.25,2897.75,254066,7366.61
9/5/2014,2872,2901.95,2859.9,2885,2880.75,262632,7570.04
9/8/2014,2875,2924.4,2856,2923.25,2915.65,393871,11392.37
9/9/2014,2930,2932,2903,2913,2910,194446,5662.44
9/10/2014,2891.05,2919.95,2885,2910.6,2906.95,185112,5379.92
9/11/2014,2905,2924,2876.25,2922.95,2917.1,280993,8158.34
9/12/2014,2921,2979,2921,2975.2,2971.8,453657,13425.79
9/15/2014,2970.9,2974.4,2930,2963.05,2962.6,287604,8506.13
9/16/2014,2955,2980.3,2931,2956,2950.35,360771,10659.45
9/17/2014,2950,2985,2916.25,2982,2967.2,313982,9251.91
9/18/2014,2978,3060,2960,3054.1,3042.7,369872,11169.3
9/19/2014,3045.2,3094,3030,3076.3,3082.4,276972,8476.08
9/22/2014,3074.3,3085,3041.5,3065.05,3066.2,228956,7017.01
9/23/2014,3079,3112,3054.1,3060,3061.8,331237,10220.23
9/24/2014,3075,3090,3031,3079.9,3071.8,211358,6465.46
9/25/2014,3075,3100,3043,3057,3057.25,318285,9761.66
9/26/2014,3040.3,3087,2961.9,3035,3038,290099,8778.57
9/29/2014,3036,3037,3001.85,3014.5,3008.15,217945,6571.71
9/30/2014,3018,3078,3013.8,3060.6,3062.85,293390,8959.31
10/1/2014,3048,3081.9,2961.15,2971,2970.95,513843,15417.47
10/7/2014,2971,2994,2934,2945,2938.65,295318,8763.98
10/8/2014,2939,2968,2924.05,2949.1,2951.1,283872,8369.71
10/9/2014,2961,3013.55,2961,3005.55,3006.2,292837,8764.94
10/10/2014,2990.1,2995,2942,2962,2966.2,249861,7430.78
10/13/2014,2941,2980,2925.05,2970,2972.85,158747,4701.68
10/14/2014,2980.1,2992.7,2957.1,2959,2962.1,176342,5239.03
10/16/2014,2956.1,2980,2912,2920,2936.85,168761,4981.63
10/17/2014,2940,2960.7,2902,2945.1,2941.1,283917,8313.24
10/20/2014,2978,3014.8,2978,3001,3003.7,196994,5909.46
10/21/2014,3015,3084.75,3010,3077,3075.7,220013,6711.16
10/22/2014,3092,3189,3085.4,3174,3177.2,398874,12560.87
10/23/2014,3185,3193.5,3155,3160.05,3165.5,52382,1659.31
10/27/2014,3171,3190,3105.5,3171.05,3169.7,160160,5070.05
10/28/2014,3169.7,3169.7,3130.05,3150.05,3151.35,220379,6934.38
10/29/2014,3166,3219,3145.4,3201.4,3205.4,228343,7263.62
10/30/2014,3221.85,3299,3171,3232.2,3240.25,1274329,41295.7
10/31/2014,3265,3350,3246.25,3332.05,3337.25,902391,29868.98
11/3/2014,3330,3334,3276,3284.15,3286.85,452092,14883.47
11/5/2014,3295,3327.85,3280,3289.35,3288.95,267172,8843.95
11/7/2014,3286,3318.7,3249.15,3284,3288.35,302843,9955.08
11/10/2014,3285,3315,3268.05,3300,3307.8,207284,6830.36
11/11/2014,3298,3334.9,3291.15,3325,3329,213365,7077.74
11/12/2014,3329,3371.3,3310,3369,3359.75,261098,8744.29
11/13/2014,3370,3396,3321.7,3324.6,3328.55,235947,7929.24
11/14/2014,3329.1,3344,3320.3,3322.8,3329.55,115687,3856.31
11/17/2014,3321.95,3370,3313.1,3338,3341.2,186565,6240.95
11/18/2014,3341,3376.75,3324.55,3358.85,3364.6,276896,9297.93
11/19/2014,3378,3395,3323.6,3332,3343.4,213795,7178.91
11/20/2014,3343,3364.8,3312,3320.35,3335.5,164288,5481.74
11/21/2014,3333.05,3364,3305.55,3346.05,3355.05,261401,8731.7
11/24/2014,3350.35,3363.1,3334,3360,3353.1,156584,5241.37
11/25/2014,3358,3388,3281.65,3294,3288.85,343894,11431.82
11/26/2014,3280,3306.9,3248.7,3273.3,3284,223306,7318.98
11/27/2014,3286.7,3305.4,3257.2,3264.75,3263.45,244311,7999.63
11/28/2014,3279,3359.7,3276,3346.05,3346.2,275680,9176.7
12/1/2014,3341,3432,3335,3384,3389.15,510490,17346.39
12/2/2014,3395,3395,3352.05,3365.3,3356.85,165773,5579.53
12/3/2014,3365.85,3414.7,3365.85,3394,3391.5,286735,9744.1
12/4/2014,3392,3415,3384.2,3401,3406.85,199285,6777.3
12/5/2014,3411,3417,3390,3405,3410.1,140056,4772.07
12/8/2014,3430,3440,3366.1,3374,3379.85,203336,6904.8
12/9/2014,3390,3390,3319.8,3330,3336.55,221590,7409.24
12/10/2014,3323.05,3345,3303.2,3320.65,3323.4,236136,7842.63
12/11/2014,3325,3352,3286.75,3350,3341.1,156314,5200.95
12/12/2014,3352,3394.4,3342.3,3382,3379.3,241538,8145.69
12/15/2014,3374,3379.9,3346.3,3372.6,3368.75,135240,4548.97
12/16/2014,3345,3383.7,3301.5,3307,3309.85,217196,7231.88
12/17/2014,3290,3315,3250.75,3252,3261.95,267012,8730.44
12/18/2014,3300,3399.25,3270.05,3380.65,3385.3,283235,9470.05
12/19/2014,3401,3462,3350.25,3355,3359.4,473560,16130.18
12/22/2014,3381.95,3412.5,3358.1,3387.6,3393.5,194933,6602.14
12/23/2014,3395,3424,3385.1,3391,3398.7,202035,6876.93
12/24/2014,3400,3420,3332.8,3367,3365.5,403056,13638.04
12/26/2014,3367,3388.7,3326,3330.45,3333.1,210882,7055.75
12/29/2014,3335.05,3380,3335.05,3344.9,3347.2,211257,7088.52
12/30/2014,3350,3368.65,3339.45,3350,3347.25,109577,3672.08
12/31/2014,3305,3341.9,3299.75,3327.2,3329.8,281626,9375.6
1/1/2015,3320.25,3360,3320.25,3342,3340.75,299232,10009.42
1/2/2015,3360,3383,3350.5,3360,3359.6,233924,7873.21
1/5/2015,3382,3469.35,3376.05,3448,3447.8,536747,18498.41
1/6/2015,3439,3439,3382.5,3393.9,3395.25,422743,14408.83
1/7/2015,3400,3458.95,3382.05,3449.7,3437.75,369241,12626.44
1/8/2015,3465,3509.55,3444,3484,3475.5,422022,14689.17
1/9/2015,3500,3507.7,3429.95,3464.8,3468.2,194054,6734.64
1/12/2015,3470,3483.65,3445.15,3459,3462.9,152803,5291.8
1/13/2015,3483.8,3515,3462.1,3468.25,3468.25,237771,8287.41
1/14/2015,3471.85,3531,3461.3,3510,3516,429069,15046.81
1/15/2015,3550.35,3638.65,3540,3610,3625.8,670686,24170.96
1/16/2015,3615.25,3625,3592.05,3618.5,3616.6,379075,13688.07
1/19/2015,3627.7,3642.5,3615.2,3616.85,3626.25,192537,6988.65
1/20/2015,3618,3636,3584.5,3605.5,3605.55,333315,12010.8
1/21/2015,3623,3690,3592,3621.45,3634.7,402419,14700.84
1/22/2015,3648,3648,3592.1,3598.9,3597.25,318883,11501.86
1/23/2015,3634,3639.75,3575,3603.05,3606.7,337571,12169.79
1/27/2015,3644.95,3704.7,3585.15,3695,3687.9,1278436,46652.92
1/28/2015,3692,3758.5,3692,3722.2,3725.8,672705,25099.84
1/29/2015,3745,3745,3677,3685.5,3688.8,603103,22266.11
1/30/2015,3700,3741,3626.55,3633.35,3647.35,284786,10513.99
2/2/2015,3647.35,3725,3620,3668,3669.45,319679,11786.38
2/3/2015,3708,3708,3600,3603,3607.85,220676,8028.17
2/4/2015,3620,3634,3550.5,3558.95,3557.55,203545,7296.77
2/5/2015,3579,3597,3508,3517.05,3522.7,379633,13482.01
2/6/2015,3529.75,3533.5,3490,3508.75,3502.6,198214,6948.86
2/9/2015,3490,3497.2,3400,3406.7,3411.3,286868,9900.08
2/10/2015,3393,3478,3360,3405,3393.85,547537,18673.65
2/11/2015,3406,3470.8,3406,3461,3454.75,341769,11780.61
2/12/2015,3468,3559.75,3468,3553,3551.9,436882,15441.72
2/13/2015,3565,3627,3531.3,3620,3616.95,321186,11546.51
2/16/2015,3620,3650,3561.5,3564.1,3572.1,260901,9393.75
2/18/2015,3575,3584,3547.05,3559,3564.95,161803,5769.76
2/19/2015,3575,3615,3562.15,3599.9,3595.15,214789,7712.87
2/20/2015,3610,3614,3542,3544.85,3547.35,240749,8588.93
2/23/2015,3561,3575,3532.85,3553,3545.9,163132,5799.19
2/24/2015,3573.85,3600,3553.2,3594.75,3588.3,143983,5151.94
2/25/2015,3595,3615,3564.1,3579.5,3579.9,173339,6218.88
2/26/2015,3567.3,3581.9,3483.15,3498.9,3496.85,429598,15098.11
2/27/2015,3497,3618.85,3496.85,3600,3604.4,378654,13523.94
2/28/2015,3604,3634,3560.15,3621.45,3620.85,255838,9222.04
3/2/2015,3648.1,3730,3632.25,3730,3711.45,386182,14231.63
3/3/2015,3718,3734.35,3689.55,3714.95,3708.65,206296,7665.04
3/4/2015,3750,3789.7,3647.25,3673.95,3678.4,340907,12695.69
3/5/2015,3677,3711.25,3641.35,3675,3678.75,152837,5616.25
3/9/2015,3632.3,3690.9,3623,3675,3671.3,218786,8010.44
3/10/2015,3689,3689,3640.25,3653.9,3646.75,182667,6684.31
3/11/2015,3642.05,3672,3615.35,3652.05,3656.45,198508,7233.17
3/12/2015,3667.4,3719.95,3662.1,3685,3685.2,308505,11402.96
3/13/2015,3705,3717.2,3625.1,3650,3650.7,363024,13257.99
3/16/2015,3651,3677,3637.8,3645.4,3647.05,182829,6689.5
3/17/2015,3665,3688.95,3623.55,3656,3661.55,185250,6788.94
3/18/2015,3663,3678,3642.3,3660.65,3664.9,177261,6495.22
3/19/2015,3671,3695,3648,3654,3655,252139,9258.99
3/20/2015,3640,3672.8,3610,3620,3623.85,206403,7500.84
3/23/2015,3625.05,3639.2,3583.05,3589.2,3594.4,192986,6946.95
3/24/2015,3625,3635,3567.05,3596.05,3587.3,227226,8186.39
3/25/2015,3590,3628.9,3573.3,3608.6,3614.75,201854,7280.9
3/26/2015,3605,3622.95,3537.95,3555.3,3561.45,489101,17546.55
3/27/2015,3570,3619.75,3545.6,3609.15,3610.05,204071,7310.27
3/30/2015,3629,3674,3600.45,3662,3660.95,152167,5543.7
3/31/2015,3659.85,3727.7,3659.85,3695.35,3697.35,294635,10920.35
4/1/2015,3699.95,3757.55,3600,3638.15,3644.7,694487,25415.48
4/6/2015,3646,3670.9,3619,3628.1,3628.95,262771,9545.89
4/7/2015,3640,3650,3578,3615,3599.9,306684,11052.89
4/8/2015,3615,3664.9,3606,3625,3628.7,256031,9304.56
4/9/2015,3639,3667,3625,3656,3659.2,238584,8700.47
4/10/2015,3660,3688.35,3633.4,3655.35,3666.6,201302,7370.14
4/13/2015,3661,3680,3642.75,3679,3665.2,218690,8002.85
4/15/2015,3655,3729,3650.4,3671.55,3680.25,232802,8608.19
4/16/2015,3676.25,3718.7,3662.25,3664.15,3677.9,206305,7614.3
4/17/2015,3666.15,3682.9,3636.35,3637,3646.8,99056,3626.08
4/20/2015,3627,3648.4,3584.6,3605.05,3608.05,175033,6318.82
4/21/2015,3605,3607.25,3470,3490.15,3490.15,482786,16984.07
4/22/2015,3491.05,3508.1,3386.1,3490,3462.95,422446,14558.71
4/23/2015,3490,3535.55,3480,3496.65,3494.45,234616,8217.43
4/24/2015,3486,3565,3434.1,3556,3541.4,332449,11694.27
4/27/2015,3563.2,3684,3520.2,3650.3,3648.4,1804129,65254.32
4/28/2015,3664,3838.8,3660,3830,3822.6,1129937,42493.82
4/29/2015,3839,3873,3746.65,3754,3766.2,703698,26851.71
4/30/2015,3760,3793,3709.95,3735.4,3725.85,592304,22196.63
5/4/2015,3797,3840,3726.75,3762,3757.75,478823,18106.46
5/5/2015,3753,3805,3736.55,3790.05,3793.05,458196,17335.87
5/6/2015,3788,3788,3623.55,3630,3634.55,430929,15877.47
5/7/2015,3626,3626,3520,3533.4,3543.6,469950,16784.01
5/8/2015,3561.45,3620,3561.45,3612.05,3610.55,495595,17846.83
5/11/2015,3633.9,3674.4,3616.15,3640.35,3651.7,288810,10536.84
5/12/2015,3650,3652.95,3555,3582,3577.45,332314,11917.59
5/13/2015,3620,3632,3544.4,3605,3604.1,337505,12091.53
5/14/2015,3604.95,3653.5,3552,3650,3646.5,287801,10404.76
5/15/2015,3640,3684,3626,3658,3671.2,208258,7621.78
5/18/2015,3675,3706.4,3652,3703,3697.6,183483,6758.97
5/19/2015,3695,3729.9,3685,3703,3706.75,175567,6520.82
5/20/2015,3707.1,3749.95,3707,3707,3711.9,218115,8138.59
5/21/2015,3711.9,3729.9,3691.45,3693.25,3698.1,198709,7364.48
5/22/2015,3703,3728.8,3694.6,3702,3702.55,135158,5010.29
5/25/2015,3696.2,3717,3681,3698.5,3692.75,81113,2999.14
5/26/2015,3696,3730,3672,3725,3726.45,252919,9403.04
5/27/2015,3700,3750,3699,3721.5,3721.9,283565,10577.35
5/28/2015,3726,3738.95,3696.05,3715,3708.9,317937,11801.3
5/29/2015,3720,3788.95,3693.05,3781.15,3785.7,432656,16318
6/1/2015,3785.9,3898.95,3774.4,3871.15,3882.85,571376,22053.68
6/2/2015,3880,3887.3,3815.05,3817,3831.4,329350,12684.06
6/3/2015,3805,3820,3752,3797.4,3777.2,277700,10492.88
6/4/2015,3799,3813,3747,3772.8,3772.05,193996,7337.77
6/5/2015,3769,3799.9,3751,3757.05,3759.45,253728,9579.7
6/8/2015,3786,3804.55,3716,3718,3723.5,303682,11388.07
6/9/2015,3710,3726.95,3675.8,3700,3692.3,209963,7768.56
6/10/2015,3702.95,3748.9,3694.15,3745.1,3742.55,239272,8929.3
6/11/2015,3752.05,3778.95,3691.35,3710.9,3701.4,226654,8460.53
6/12/2015,3701.1,3755,3695.5,3754,3736.8,173412,6453.59
6/15/2015,3737.5,3789.9,3731,3765.15,3767.4,175936,6625.55
6/16/2015,3767.4,3810.55,3744.7,3810,3789.6,228783,8614.31
6/17/2015,3805,3824.9,3793,3797.3,3808.75,291820,11114.09
6/18/2015,3813,3891.95,3812,3888,3861.1,232645,8946.76
6/19/2015,3879,3949.5,3862,3948,3937.35,309290,12093.15
6/22/2015,3955.05,3994.9,3955.05,3980,3980.65,230791,9178.08
6/23/2015,3982,4028.5,3955.3,4012.95,4017.15,330957,13247.7
6/24/2015,4024,4035.65,3987.05,3995,4009.3,306048,12276.92
6/25/2015,3984,4043.7,3983.6,4040.2,4031.5,240888,9686.45
6/26/2015,4026,4077.4,4006.15,4063,4069.95,291925,11823.56
6/29/2015,4020,4025.75,3961.1,3997.8,3993.3,344044,13725.45
6/30/2015,3985.25,4060,3985.25,4017.2,4023.35,340789,13730.9
7/1/2015,4034.9,4089.85,4026,4030.35,4031.7,380963,15451.53
7/2/2015,4031.5,4049,3981.15,3989,3993.4,322025,12930.25
7/3/2015,3993.4,4020,3977.1,4005,3998.9,279389,11163.96
7/6/2015,3984.9,4005,3975.05,3988,3987.95,332811,13266.15
7/7/2015,3989,4003.8,3955.7,3973,3972.15,287981,11434.99
7/8/2015,3950,3969,3907,3948,3949,252360,9949.78
7/9/2015,3950,3967.9,3928.5,3931,3935.65,128065,5043.97
7/10/2015,3949.7,3962,3918.9,3936.35,3934.4,184572,7271.13
7/13/2015,3958.7,4040,3940,4037.6,4035.25,335198,13417.95
7/14/2015,4049.7,4058.95,4020.15,4045,4050.65,251002,10150.95
7/15/2015,4071,4179.95,4071,4151.55,4152.15,551469,22884.77
7/16/2015,4166,4190,4156,4175.75,4178.15,321651,13433.33
7/17/2015,4186,4228.95,4164.1,4185,4193,241023,10111.75
7/20/2015,4208,4219,4161.1,4173,4176.05,207897,8696.01
7/21/2015,4176.95,4194.95,4141.45,4157.35,4152.85,146004,6084.46
7/22/2015,4139.8,4199,4134,4180.05,4191.15,305466,12792.63
7/23/2015,4198.9,4245.5,4193.05,4233.2,4234.05,229845,9725.9
7/24/2015,4237.95,4261.9,4205.4,4233.45,4234.2,226189,9581.86
7/27/2015,4241.55,4241.55,4166.6,4184,4178.1,220316,9252.77
7/28/2015,4207.9,4242,4151.6,4200,4196.95,940179,39477.89
7/29/2015,4224.9,4309.5,4171.2,4274,4273.7,819323,34770.54
7/30/2015,4310,4318,4281.05,4288.85,4296.45,294361,12647.7
7/31/2015,4297,4359,4284.2,4332,4331.45,297226,12878.92
8/3/2015,4380,4439,4380,4434,4427.05,341893,15116.53
8/4/2015,4449,4453.95,4411.45,4439.65,4438.8,313075,13879.55
8/5/2015,4457,4484,4422.25,4469.4,4471.65,198485,8854.66
8/6/2015,4461,4478.35,4430.05,4454,4452.1,184121,8201.12
8/7/2015,4450.7,4468.2,4430.1,4457,4452.95,144268,6415.76
8/10/2015,4470,4507.95,4446,4500,4497.15,241899,10869.76
8/11/2015,4510,4534,4465.05,4507.95,4504.3,216773,9776.04
8/12/2015,4490,4511.4,4416,4444,4447.4,221776,9882.18
8/13/2015,4477,4522.7,4430.15,4522.25,4492.85,261773,11682.47
8/14/2015,4509.5,4589,4490.5,4586.7,4572.5,181419,8238.25
8/17/2015,4584.95,4587,4535.5,4549.95,4549.8,157066,7162.09
8/18/2015,4555,4648,4536,4647.9,4634,172443,7921
8/19/2015,4627,4687,4605.7,4670,4671.85,255128,11858.16
8/20/2015,4630,4692.4,4601.25,4655,4634.15,279387,12986.36
8/21/2015,4611,4613.85,4529,4566,4567.35,310480,14172.67
8/24/2015,4350,4452.55,4207.55,4232,4241.8,930804,40328.65
8/25/2015,4299,4369,4062.1,4199.05,4199,915511,38327.36
8/26/2015,4197,4256.4,4111.4,4206,4207.05,612412,25765.66
8/27/2015,4255,4272.9,4186,4199.9,4203.75,795947,33502.91
8/28/2015,4250,4292,4175,4208.15,4205.85,372560,15761.04
8/31/2015,4199,4233,4142.35,4174.9,4167.2,298281,12464.62
9/1/2015,4170,4199.45,4046.2,4053.2,4061.45,605386,24886.36
9/2/2015,4083,4089.95,4010,4031.1,4030,392078,15847.99
9/3/2015,4059,4162.3,4040.05,4146,4143.25,514445,21192.18
9/4/2015,4137,4139.7,4051.2,4055,4063.3,316141,12873.41
9/7/2015,4067.9,4128.5,4045,4060,4069.6,300049,12274.82
9/8/2015,4106,4155.85,4077,4152,4139.3,292997,12062.72
9/9/2015,4210,4319,4187.65,4296.95,4305.15,589734,25118.82
9/10/2015,4255,4317.95,4225.15,4309.1,4301.45,321362,13747.25
9/11/2015,4329,4360,4308.6,4316.45,4317.75,281728,12188.38
9/14/2015,4330,4347,4285,4310.3,4319.5,207396,8964.65
9/15/2015,4375.5,4419.1,4320,4325,4337.2,734807,32120.15
9/16/2015,4377,4377,4330.1,4357.5,4355.6,418079,18218.53
9/18/2015,4379.3,4478.3,4355.6,4406.15,4400.85,621252,27503.96
9/21/2015,4397.95,4509,4387.1,4508,4490.25,642858,28654.91
9/22/2015,4508,4519.9,4440.5,4443,4473.05,924289,41492.41
9/23/2015,4459,4523,4413.25,4505,4497.65,880695,39420.79
9/24/2015,4499.5,4604,4484.75,4575,4566.65,1098076,50122.57
9/28/2015,4570,4615,4516.75,4540,4536.25,684352,31179.95
9/29/2015,4509.95,4740,4467,4683.45,4682.3,1222175,56057.59
9/30/2015,4710,4763.45,4657.55,4670,4685.6,835777,39356.36
10/1/2015,4720,4721.9,4570,4579,4580.35,1087189,50101.89
10/5/2015,4570,4570,4389,4422,4414.05,1949365,86837.35
10/6/2015,4449,4449,4338.05,4364.95,4354,1159174,50689.04
10/7/2015,4352.25,4437.9,4345.05,4370.45,4364.5,801302,35211.74
10/8/2015,4380,4407,4332.2,4360,4353.75,726218,31737.82
10/9/2015,4390,4397.2,4262.75,4269,4276.35,816648,35211.73
10/12/2015,4310.9,4322.65,4216.5,4229,4231.85,837794,35708.54
10/13/2015,4231,4288,4229.15,4269,4273.85,605082,25782.01
10/14/2015,4270.9,4295.6,4242,4244,4249.75,656029,27970.92
10/15/2015,4269.9,4389.15,4261,4381.05,4377.4,982419,42645.55
10/16/2015,4410,4461,4381.05,4447,4450.25,929525,41158.44
10/19/2015,4465,4478,4408.1,4457,4458.95,594941,26462.44
10/20/2015,4467.9,4516.7,4441.65,4505,4508.75,675597,30311.73
10/21/2015,4489,4524.7,4450,4467,4474.7,316565,14210.93
10/23/2015,4500.8,4508,4371.1,4383,4380.9,621558,27421.26
10/26/2015,4400,4452,4375.8,4393.9,4385.15,535165,23663.64
10/27/2015,4409,4518,4376.6,4517,4497,1290318,57385.09
10/28/2015,4530,4559,4472,4489.95,4495.2,989227,44671.76
10/29/2015,4501.5,4512.55,4419.25,4446,4439.55,907407,40383.43
10/30/2015,4446,4467.9,4400.1,4462,4449,738321,32709.44
11/2/2015,4470,4525.05,4425.2,4482,4495.75,603730,27096.15
11/3/2015,4519.9,4521.2,4465.05,4467,4482.55,320901,14398.02
11/4/2015,4487.75,4536.55,4455.1,4521.35,4520.55,660804,29788.45
11/5/2015,4518.95,4555,4496.4,4518,4526.6,406256,18421.64
11/6/2015,4532.95,4535.35,4481.05,4533.95,4522.8,361975,16342.47
11/9/2015,4440,4639,4440,4627,4628.2,729714,33530.92
11/10/2015,4649.5,4729.95,4629.75,4715.15,4712.7,909977,42668.09
11/11/2015,4730,4757.1,4723.05,4745,4746.75,86592,4106.35
11/13/2015,4734.45,4737.25,4602.4,4620,4619.8,983107,45881.31
11/16/2015,4600,4664,4572.9,4659.6,4646.9,644299,29805.54
11/17/2015,4645.4,4676.15,4618,4634.95,4632.25,638262,29664.87
11/18/2015,4634.5,4652,4525,4537,4533.25,725994,33207.59
11/19/2015,4580.9,4661.5,4571.05,4654.2,4650.35,1030684,47647.45
11/20/2015,4666,4766,4631,4735,4737.9,917455,43329.99
11/23/2015,4730,4790,4702.35,4737.9,4736.25,1034126,49040.83
11/24/2015,4724.05,4724.05,4621,4634,4639.9,1287988,59947.24
11/26/2015,4659.95,4659.95,4577.95,4617.3,4606.55,1436728,66247.11
11/27/2015,4680,4680,4556.4,4577.85,4580.05,1231876,56473.37
11/30/2015,4586,4700,4492.1,4555,4606.9,10567769,487899.24
12/1/2015,4609,4616,4531.35,4545,4556.2,1506622,68832.43
12/2/2015,4600,4627.35,4556.2,4619,4618.8,1123497,51612.73
12/3/2015,4609,4644.7,4600.5,4630.2,4627.05,567288,26253.24
12/4/2015,4610,4634,4579.15,4603,4600.35,581041,26731.37
12/7/2015,4622,4640,4558,4559.95,4564.2,493623,22662.85
12/8/2015,4540,4579.8,4520,4544,4542.55,577670,26247.92
12/9/2015,4538.8,4542,4470,4473.55,4479.1,607147,27312.65
12/10/2015,4495,4519.8,4406.05,4517.45,4498.1,506406,22558.6
12/11/2015,4519.75,4528,4412,4497,4480.75,532721,23876.61
12/14/2015,4478.9,4590,4471.5,4590,4576.8,484617,22035.76
12/15/2015,4605,4634,4563.1,4630.85,4620,581111,26728.31
12/16/2015,4655,4657.15,4604,4612.65,4619.4,357572,16539.9
12/17/2015,4650,4679,4573.85,4671,4666.75,443534,20498.37
12/18/2015,4684.7,4702,4611.5,4617,4620.45,682206,31726.08
12/21/2015,4626.9,4660,4616.25,4635,4639.1,274072,12710.89
12/22/2015,4630,4644.95,4602.05,4620.9,4617.2,207127,9568.61
12/23/2015,4635,4656,4620,4633,4634.95,227939,10569.5
12/24/2015,4633.25,4634.35,4586.15,4600,4598.4,162732,7490.51
12/28/2015,4598.4,4645.95,4588,4635.55,4640,272134,12584.26
12/29/2015,4641.95,4655.9,4612.8,4635.8,4636.9,253128,11730.48
12/30/2015,4637,4642.9,4575,4580,4587.2,265170,12216.4
12/31/2015,4587,4637,4566.3,4620,4621.95,422019,19437.9
1/1/2016,4621,4668,4602.35,4635,4638.5,243597,11303.71
1/4/2016,4635,4657,4571.75,4576.1,4580.65,405501,18674.29
1/5/2016,4599.95,4600.75,4557.25,4570.8,4566.95,509285,23306.79
1/6/2016,4592,4593,4468,4481.25,4480.8,593742,26893.9
1/7/2016,4449.7,4449.7,4251.85,4290,4267.9,1200069,51609.18
1/8/2016,4286.3,4325,4195.8,4223.8,4214.75,994652,42186.59
1/11/2016,4190,4300,4117,4292,4272.4,865799,36787.76
1/12/2016,4310,4324.8,4260,4269,4266.7,481142,20617.5
1/13/2016,4298,4310,4221.35,4285,4291.25,431206,18438.25
1/14/2016,4239,4289,4212.7,4255.9,4248.25,402026,17069.76
1/15/2016,4265,4340,4254,4263.45,4273.35,592183,25451.84
1/18/2016,4279,4289.25,4172.85,4215,4236.2,396124,16752.55
1/19/2016,4241,4244.95,4165,4190,4198.15,499001,20954.28
1/20/2016,4169.85,4189.95,4028.5,4055,4058.95,679992,27897.77
1/21/2016,4084.95,4084.95,3870,3901,3891.7,1212801,47772.13
1/22/2016,3942.95,4119.9,3930.15,4092.3,4104.95,1063413,42881.33
1/25/2016,4125.95,4172,4073.9,4082,4081.35,608634,25063.09
1/27/2016,4131,4179,4092,4128.65,4111.95,886550,36584.27
1/28/2016,4080,4139.9,4031,4109,4103.3,1677354,68557.11
1/29/2016,3925,4124,3923,4111.95,4095.85,2147231,86482.58
2/1/2016,4100.9,4119,3933.65,3951.15,3948.25,1904034,76045.67
2/2/2016,3952.6,3985,3851.55,3866,3874.95,902619,35498.66
2/3/2016,3870,3870,3784.65,3835,3828.35,1101308,42149.24
2/4/2016,3864,3881.9,3774,3793.05,3794.65,597800,22927.77
2/5/2016,3784.7,3790,3693.3,3731.4,3723.4,1245857,46471.28
2/8/2016,3749,3789,3715.05,3728,3732.55,559505,20989.79
2/9/2016,3685,3689,3620,3659.9,3657.1,657011,23975.96
2/10/2016,3639.85,3718,3600,3694.6,3678.55,795377,29027.56
2/11/2016,3651.1,3664.3,3518.5,3546,3541.45,1066224,38117.89
2/12/2016,3570,3588,3461,3544.5,3549.65,1211696,42750.82
2/15/2016,3605.95,3724.9,3604.4,3716.05,3711.25,1182286,43377.92
2/16/2016,3725.25,3748.95,3651.2,3693.05,3705.2,753873,27979.68
2/17/2016,3679.9,3755,3661.5,3751,3749.15,652019,24160.94
2/18/2016,3781.25,3796.85,3622.1,3646,3653.25,1243826,45975.28
2/19/2016,3640,3640,3559,3560,3579.15,718677,25799.2
2/22/2016,3539,3545,3491.55,3524.3,3520.8,1291463,45468.72
2/23/2016,3530,3568.45,3480,3488,3487.4,796836,28078.51
2/24/2016,3499.95,3530,3480,3492,3489.7,605914,21243.08
2/25/2016,3509.65,3510,3401,3430,3414.15,840542,29016.04
2/26/2016,3452,3459.1,3375.1,3420.5,3409.2,831491,28306.11
2/29/2016,3425,3434.95,3193.25,3263,3236.5,2218323,73042.14
3/1/2016,3200.9,3510,3200.9,3496,3494.4,1924803,65545.1
3/2/2016,3542.95,3627.7,3540.05,3615,3612.65,1236996,44376.41
3/3/2016,3625.8,3647,3578,3611,3608.65,742263,26775.1
3/4/2016,3619,3619,3526,3567,3555.1,610234,21706.75
3/8/2016,3552.95,3598.95,3450.6,3457,3462.65,1100041,38672.75
3/9/2016,3454.85,3600,3441.1,3596.3,3576.4,752948,26567.73
3/10/2016,3600,3634.7,3573.4,3625,3627.2,1016572,36736.01
3/11/2016,3633.7,3690,3616.05,3636,3641.2,1002559,36651.59
3/14/2016,3660,3684,3627.05,3644,3648.15,483295,17675.78
3/15/2016,3670,3679.9,3615.5,3656.05,3654.55,688839,25169.42
3/16/2016,3650,3675,3637.5,3672.55,3667.35,459188,16797.56
3/17/2016,3686.35,3750,3620,3627.2,3635.45,710449,26311.54
3/18/2016,3640,3649.7,3557.05,3622.95,3621.4,1073782,38643.9
3/21/2016,3630.1,3678.8,3605,3669.05,3669.55,474712,17305.59
3/22/2016,3669,3735.95,3652,3690,3699.55,713115,26389.35
3/23/2016,3711.85,3744,3666.45,3723.1,3736,586282,21807.83
3/28/2016,3759,3777.8,3629.95,3649.85,3638.95,743468,27460.81
3/29/2016,3649,3769,3645,3725,3729.95,686482,25538.08
3/30/2016,3745,3749.9,3684,3725,3727.45,872340,32386.34
3/31/2016,3739.5,3748.75,3664,3710.25,3716.3,1223191,45351.83
4/1/2016,3700.45,3764.95,3682,3720,3723.2,769731,28644.75
4/4/2016,3735,3751.5,3676,3678.9,3683.25,299849,11103
4/5/2016,3676,3696.9,3536.5,3546,3554.85,826024,29950.91
4/6/2016,3568,3607.3,3546,3566,3573.05,664480,23758.66
4/7/2016,3556.5,3556.5,3450,3468,3471,1221608,42431.02
4/8/2016,3460,3474,3418.5,3437.05,3430.65,1631533,56136.64
4/11/2016,3437,3488,3423,3480,3478.65,970375,33584.67
4/12/2016,3470.2,3609.85,3465.05,3564.5,3573.7,1404427,50000.34
4/13/2016,3613,3745.35,3606.6,3744,3731.6,1107727,40823.03
4/18/2016,3720.8,3750,3680,3712.8,3718.95,999621,37220.78
4/20/2016,3724.35,3724.35,3651,3665.1,3670.05,1830988,67266.41
4/21/2016,3695,3737.25,3674,3703,3705.3,1928958,71608.2
4/22/2016,3703,3833,3680.1,3815.2,3816.05,1165761,44103.87
4/25/2016,3806.1,3842,3715.15,3730,3727.95,838216,31515.41
4/26/2016,3704.05,3894,3691.9,3858,3871.55,2782566,106201.37
4/27/2016,3841.1,3932.75,3830.25,3848,3859.4,1388262,53918.27
4/28/2016,3819,3854,3735.1,3749,3747.95,1821236,69189.74
4/29/2016,3742,3820,3725,3795,3794.65,962848,36348.07
5/2/2016,3799.9,3840,3751.6,3837,3830.85,762337,28994.72
5/3/2016,3840.8,3879,3795.7,3814,3819.95,795697,30556.64
5/4/2016,3800,3844,3796.05,3810,3811.55,557609,21309.03
5/5/2016,3825,3850,3802,3843.5,3836.85,485772,18590.46
5/6/2016,3829.95,3835,3802,3825,3818.95,411877,15713.14
5/9/2016,3830,3878,3825,3858,3846.5,771389,29701.35
5/10/2016,3850.5,3897.05,3835.1,3858,3844.8,1094666,42263.57
5/11/2016,3800,3898,3790,3892.05,3890.05,679706,26301.61
5/12/2016,3884.85,3909.8,3841.5,3861.95,3854.2,857976,33196.94
5/13/2016,3856,3877.9,3828,3851,3846.25,435056,16755.06
5/16/2016,3870,3895,3840,3890,3881.6,878812,33932.07
5/17/2016,3891.05,3969,3886.25,3945.05,3950.7,865028,34042
5/18/2016,3928.8,3939,3805.05,3907.1,3914.9,1921044,74373.28
5/19/2016,3900,3940,3881,3907.1,3926.6,679821,26611.81
5/20/2016,3883.8,3959,3881.1,3941.9,3944.95,485214,19079.1
5/23/2016,3964,3968.3,3900,3904,3913.85,348354,13738.21
5/24/2016,3913.8,3937.95,3893.15,3928.95,3924.2,283533,11110.68
5/25/2016,3948,4072,3940,4064,4060.95,842663,33889.84
5/26/2016,4064,4125,4027.2,4120,4118,1074664,43985.81
5/27/2016,4114.7,4162,4091.05,4132.2,4146.6,880888,36443.25
5/30/2016,4132,4155.2,4054,4069.15,4071.75,555311,22753.9
5/31/2016,4060,4180,4055.05,4154.05,4161.6,775477,32077.19
6/1/2016,4170.7,4199.95,4150,4154.55,4165.35,647041,26997.5
6/2/2016,4150,4194.95,4124,4184,4186.65,411143,17108.09
6/3/2016,4192.15,4235,4180,4213,4217.95,591630,24945.43
6/6/2016,4216,4217,4118,4140,4142,443085,18395.19
6/7/2016,4175,4188.95,4118,4135.05,4135.65,471388,19574.58
6/8/2016,4131,4169.8,4124.7,4164.95,4160.1,417715,17342.77
6/9/2016,4152.05,4189.75,4140,4169.9,4169.15,305434,12720.28
6/10/2016,4165.1,4197,4100,4100.05,4111.5,464892,19298.63
6/13/2016,4074,4150,4062,4149,4134.75,385639,15833.48
6/14/2016,4145,4155.9,4096,4099.95,4104.5,403193,16622.42
6/15/2016,4125,4215,4112.1,4211.5,4209.6,510807,21247.07
6/16/2016,4160,4164,4062,4080,4084.1,1118517,45828.09
6/17/2016,4115,4158,4093.45,4093.45,4114.5,951658,39316.82
6/20/2016,4076.55,4144.8,4065.7,4138,4133.2,667114,27479.51
6/21/2016,4146,4168.1,4109,4145,4157.4,512383,21226.03
6/22/2016,4145,4180.5,4125.05,4150,4151.35,417540,17371.18
6/23/2016,4151.9,4175,4120.45,4165.8,4168.6,341093,14150.91
6/24/2016,4053,4092.1,3866.6,4084,4070.05,1559787,62723.77
6/27/2016,4061,4061,4004.1,4026,4025.1,836629,33709.39
6/28/2016,4041.1,4081.95,4040,4076.45,4078.7,626447,25467.47
6/29/2016,4100,4141,4089.2,4122.75,4131.25,646945,26631.19
6/30/2016,4179.9,4200,4145.55,4199.7,4187.2,770542,32122.57
7/1/2016,4188.6,4214.2,4132,4166,4165.4,804652,33539.06
7/4/2016,4171,4190.5,4155.75,4180,4173.8,343648,14339.91
7/5/2016,4180,4202,4150,4176,4173.35,282439,11794.03
7/7/2016,4181.1,4189.9,4125,4145.9,4141.1,325843,13509.22
7/8/2016,4142,4175.65,4126,4163.9,4161.8,261295,10868.33
7/11/2016,4190,4285.9,4189.95,4265.15,4272.05,518428,22051.56
7/12/2016,4300,4382,4291,4362,4370.4,688921,29975.37
7/13/2016,4350,4360,4301,4312.9,4321.4,416940,18019.02
7/14/2016,4326,4439,4326,4422.1,4428.3,637580,28046.51
7/15/2016,4450,4493.55,4404.5,4477,4472.05,654076,29145.61
7/18/2016,4477,4564.4,4432.4,4456.25,4454.75,684924,30938.43
7/19/2016,4455.2,4499,4440,4475,4485.7,378788,16932.35
7/20/2016,4471.85,4510,4452.05,4465.75,4469.15,357560,16009.14
7/21/2016,4489,4493.05,4405.25,4415,4413.7,252227,11208.78
7/22/2016,4421,4449,4405,4419.9,4414.7,339886,15039.42
7/25/2016,4427,4565,4421,4552,4550.55,499616,22572.69
7/26/2016,4575.15,4584,4451.15,4470.9,4471.3,1828186,82681.86
7/27/2016,4510.3,4628,4510,4555.1,4558.15,1212744,55462.61
7/28/2016,4579,4784,4570.55,4759,4763.5,1879461,88618.79
7/29/2016,4751,4824,4720.55,4765,4757.6,799265,38094.33
8/1/2016,4798.95,4885,4772.25,4869.05,4866.25,1206974,58481.72
8/2/2016,4900,5039,4880,5000,4986.05,1611134,80248.63
8/3/2016,5014.9,5020,4853.15,4870,4873.85,1019631,50097.76
8/4/2016,4945,4945,4869.35,4890,4889.65,727097,35672.62
8/5/2016,4919,4965,4900,4941.95,4941.65,598288,29531.38
8/8/2016,4980,5010,4960.05,4986.95,4991.75,474502,23687.45
8/9/2016,5009.9,5021.75,4915.4,4957,4960.85,508711,25224.03
8/10/2016,4975,4980,4850,4862.1,4861.6,512317,25074.85
8/11/2016,4862.1,4923.5,4805,4869.1,4878.65,623156,30348.97
8/12/2016,4882,4940,4847.1,4900,4898.6,686072,33536.81
8/16/2016,4948,4948,4852,4858,4864.2,793106,38828.92
8/17/2016,4860,4911.3,4849.1,4890,4889.85,498247,24331.54
8/18/2016,4920.85,4950,4901,4911.55,4915.85,479572,23638.77
8/19/2016,4916,4933.2,4889.05,4901,4900.1,426426,20929.99
8/22/2016,4896,4897,4828,4835,4837.75,292890,14205.54
8/23/2016,4835.05,4855.2,4800,4834,4833.8,270869,13082.25
8/24/2016,4890,4983.8,4886.45,4941.15,4948.55,952400,47158.81
8/25/2016,4973.8,4982.8,4906.25,4932.45,4933.7,914319,45143.38
8/26/2016,4934.8,4964.9,4910.1,4916,4920.9,337715,16655.46
8/29/2016,4925,4955,4920.9,4930,4927.4,299611,14783.32
8/30/2016,4955,5103.9,4951,5060.05,5067.65,996156,50413.19
8/31/2016,5063.9,5103.85,5036.3,5056,5053.65,804288,40800.48
9/1/2016,5074,5100,5019.3,5058,5060.75,870402,44079.63
9/2/2016,5078,5188.65,5075,5165,5160.45,956049,49240.67
9/6/2016,5201,5335,5201,5323.1,5319.7,970024,51208.39
9/7/2016,5319,5362,5290.1,5337,5336.05,734051,39157.33
9/8/2016,5321,5499,5319,5486.55,5489.4,942300,51227.46
9/9/2016,5489.7,5489.95,5377.05,5399.95,5403,547599,29690.29
9/12/2016,5305,5350,5251,5330,5329,795632,42274.53
9/14/2016,5330.05,5384.75,5330.05,5356,5363.9,539702,28928.88
9/15/2016,5356,5461,5349.55,5452,5452.4,704384,38189.07
9/16/2016,5473,5619.9,5473,5540,5573.3,1669960,92972.48
9/19/2016,5569,5569,5485,5497,5491.9,632835,34853.08
9/20/2016,5525,5560,5498.35,5515,5514.85,423083,23379.91
9/21/2016,5526,5542.5,5462.1,5495,5501.25,549370,30239.47
9/22/2016,5565.35,5634.1,5564.95,5587,5597.1,526494,29488.5
9/23/2016,5630,5630,5565.6,5611,5601.8,559592,31356.76
9/26/2016,5586,5625,5555.55,5557.7,5568.9,418297,23347.69
9/27/2016,5598.95,5599.95,5500,5514.9,5511.4,427991,23719
9/28/2016,5510.6,5555,5506,5528.1,5521.8,449876,24861.59
9/29/2016,5575,5577,5395,5460,5438.6,693217,37907.34
9/30/2016,5420,5497.5,5382.6,5490.2,5477.3,646631,35125.59
10/3/2016,5661,5720,5631.8,5680.1,5681,840940,47743
10/4/2016,5715.15,5717.95,5650,5673.85,5680,464913,26400.53
10/5/2016,5707,5767,5673,5689,5689.2,644731,36875.81
10/6/2016,5700,5745.6,5700,5710,5710.45,416860,23835.04
10/7/2016,5709.45,5717.25,5667.3,5683,5683.8,309473,17604.05
10/10/2016,5724.9,5734.4,5695.95,5714.1,5712.35,205840,11758.82
10/13/2016,5690,5752.8,5652.6,5745,5718.55,441169,25122.35
10/14/2016,5760.2,5766.95,5669.1,5686.1,5690.45,352350,20081.76
10/17/2016,5699,5699,5574.6,5600,5599.1,400595,22542.91
10/18/2016,5621,5645.35,5580.1,5620,5626.7,487798,27400.68
10/19/2016,5633.7,5647.9,5593.05,5596.95,5604.6,384608,21593.4
10/20/2016,5615,5683.5,5615,5640,5644.5,311728,17614.95
10/21/2016,5650.5,5670,5616,5645,5650.2,224567,12677.58
10/24/2016,5666,5748,5666,5710,5713.9,412403,23557.8
10/25/2016,5734,5799,5725.65,5798,5781.45,339506,19562.82
10/26/2016,5796.6,5898,5785,5870,5869.1,590811,34552.41
10/27/2016,5897,5948,5789.1,5885,5860.15,1864862,109669.47
10/28/2016,5922,5928.55,5865.75,5875.2,5876.15,935542,55123.49
10/30/2016,5900,5903.75,5880,5900,5896.15,61556,3629.01
11/1/2016,5919,5974,5855.2,5875,5878.1,1163831,68625.38
11/2/2016,5805,5864.9,5785,5797.1,5794.6,522312,30399.05
11/3/2016,5799.9,5859.9,5780,5810.1,5805.55,585730,34100.02
11/4/2016,5789,5789,5667.3,5706,5704.85,679821,38804.26
11/7/2016,5763,5784.85,5708,5715.3,5715.95,532212,30535.15
11/8/2016,5727.8,5731,5581.5,5688.25,5669,684050,38558.58
11/9/2016,5305,5553,5305,5410,5392.95,1299603,70484.92
11/10/2016,5505.5,5517.25,5305,5309,5328.5,942971,50929.65
11/11/2016,5290,5292.95,5103,5119.05,5134.25,1058491,54916.45
11/15/2016,5101.9,5119.05,4806.4,4830,4846.6,2793900,136696.63
11/16/2016,4924,5009.4,4901.55,4980.1,4990.8,1952224,96960
11/17/2016,5030,5048,4916.3,4920,4925.55,668715,33166.38
11/18/2016,4935,4989.9,4887.9,4940,4950.9,699355,34614.57
11/21/2016,4990,4990,4765.3,4800,4787.45,864696,41930.22
11/22/2016,4830,4956,4825.55,4948,4934.55,845997,41423.76
11/23/2016,4945,4945,4860,4892,4880.85,757744,37067.69
11/24/2016,4862,4883.9,4804,4816.9,4830.15,550368,26655.8
11/25/2016,4849,4905,4792.45,4870,4873.6,669501,32566.54
11/28/2016,4866,4913,4833,4895,4893.75,1387068,67819.31
11/29/2016,4898,5119,4896,5104,5088.15,874897,44206.32
11/30/2016,5110.55,5282,5100.1,5265,5266,1270618,66131.89
12/1/2016,5266,5307.5,5204.25,5228,5252.1,1221883,64242.26
12/2/2016,5220,5236.2,5046,5051,5068.1,772281,39802
12/5/2016,5063.9,5219.9,5055,5216.1,5202.95,578935,29786.56
12/6/2016,5220,5261,5118.05,5132,5135.2,646660,33589.78
12/7/2016,5150.95,5209.75,5035.05,5130,5116.65,590462,30369.96
12/8/2016,5172,5269.9,5170,5242.5,5234.6,845955,44288.24
12/9/2016,5290,5312.5,5201.2,5234,5235,562518,29528.55
12/12/2016,5228,5228,5120.05,5150,5144.4,357439,18441.23
12/13/2016,5178.75,5207,5134.05,5160,5163.15,484291,25056.62
12/14/2016,5179.95,5214.75,5130.2,5139.75,5141.05,371699,19211.78
12/15/2016,5099.95,5197,5080,5153,5152.05,457317,23575.78
12/16/2016,5174.5,5207,5151.2,5189,5188.65,1170505,60710.76
12/19/2016,5175,5195.45,5104.05,5117.2,5115.05,369118,18950.97
12/20/2016,5135.9,5147.5,5072,5110,5108,377676,19301.68
12/21/2016,5119.4,5160,5073.55,5159.65,5137.85,413072,21194.86
12/22/2016,5144,5144,5053,5095,5084.4,399573,20346.85
12/23/2016,5050,5214,5041,5210,5197.15,589006,30262.92
12/26/2016,5179,5257.8,5151.1,5174,5167.35,510998,26534.58
12/27/2016,5185,5237.4,5117.2,5217,5224,486703,25234.32
12/28/2016,5250,5278,5219.45,5239.95,5231.25,595514,31246.27
12/29/2016,5217.2,5349,5217.2,5345.5,5314.8,655325,34628.75
12/30/2016,5347,5377.9,5303,5315.3,5319.55,559886,29904.8
