Date,open,high,low,nifty,volume,turnover,Date
2015-04-15,8844.75,8844.8,8722.4,8750.2,170458015.0,8908.26,2015-04-15
2015-04-16,8757.05,8760.0,8645.65,8706.7,149337173.0,8268.33,2015-04-16
2015-04-17,8698.05,8699.85,8596.7,8606.0,155474164.0,9134.37,2015-04-17
2015-04-20,8618.8,8619.95,8422.75,8448.1,154492312.0,8930.38,2015-04-20
2015-04-21,8416.1,8469.35,8352.7,8377.75,,,2015-04-21
2015-04-22,8400.4,8449.95,8284.7,8429.7,176926942.0,10002.48,2015-04-22
2015-04-23,8478.2,8504.95,8361.85,8398.3,169840748.0,9801.34,2015-04-23
2015-04-24,8405.7,8413.3,8273.35,8305.25,177843969.0,10984.24,2015-04-24
2015-04-27,8330.55,8334.45,8202.35,8213.8,174706337.0,10143.36,2015-04-27
2015-04-28,8215.55,8308.0,8185.15,8285.6,183754628.0,9560.13,2015-04-28
2015-04-29,8274.8,8308.2,8219.2,8239.75,174958511.0,8571.95,2015-04-29
2015-04-30,8224.5,8229.4,8144.75,8181.5,281696257.0,14755.35,2015-04-30
2015-05-04,8230.05,8346.0,8220.45,8331.95,136913823.0,7856.18,2015-05-04
2015-05-05,8338.4,8355.65,8280.6,8324.8,156019941.0,8138.54,2015-05-05
2015-05-06,8316.6,8331.95,8083.0,8097.0,212509839.0,10894.12,2015-05-06
2015-05-07,8077.0,8122.6,7997.15,8057.3,166563657.0,8443.96,2015-05-07
2015-05-08,8131.5,8224.95,8123.45,8191.5,188776090.0,8961.33,2015-05-08
2015-05-11,8243.2,8332.75,8224.65,8325.25,197882948.0,8396.12,2015-05-11
2015-05-12,8326.15,8326.65,8115.3,8126.95,178753978.0,8779.53,2015-05-12
2015-05-13,8181.55,8254.95,8089.8,8235.45,175015183.0,8391.93,2015-05-13
2015-05-14,8232.45,8236.25,8137.3,8224.2,138964395.0,6763.72,2015-05-14
2015-05-15,8240.3,8279.2,8212.2,8262.35,133838055.0,6463.64,2015-05-15
2015-05-18,8284.95,8384.6,8271.95,8373.65,153340463.0,7459.18,2015-05-18
2015-05-19,8356.2,8427.8,8335.0,8365.65,144642344.0,7266.52,2015-05-19
2015-05-20,8392.65,8440.35,8391.45,8423.25,127388797.0,6151.44,2015-05-20
2015-05-21,8434.5,8446.35,8382.5,8421.0,148189485.0,7641.6,2015-05-21
2015-05-22,8432.5,8489.55,8420.6,8458.95,193080657.0,8261.69,2015-05-22
2015-05-25,8438.15,8441.95,8364.15,8370.25,125051166.0,5555.29,2015-05-25
2015-05-26,8377.1,8378.9,8320.05,8339.35,120428892.0,5908.3,2015-05-26
2015-05-27,8302.75,8342.85,8277.95,8334.6,170583401.0,8131.59,2015-05-27
2015-05-28,8345.7,8364.5,8270.15,8319.0,239549060.0,11449.91,2015-05-28
2015-05-29,8327.1,8443.9,8305.7,8433.65,375232198.0,20736.2,2015-05-29
2015-06-01,8417.25,8467.15,8405.4,8433.4,125990614.0,7254.01,2015-06-01
2015-06-02,8442.8,8445.35,8226.05,8236.45,151337661.0,8083.17,2015-06-02
2015-06-03,8232.45,8236.7,8094.15,8135.1,176661646.0,7920.26,2015-06-03
2015-06-04,8155.15,8160.05,8056.75,8130.65,159470840.0,7560.49,2015-06-04
2015-06-05,8119.15,8191.0,8100.15,8114.7,167055308.0,7588.4,2015-06-05
2015-06-08,8124.35,8131.0,8030.55,8044.15,140075743.0,6230.61,2015-06-08
2015-06-09,8026.5,8057.15,8005.15,8022.4,140217686.0,6442.05,2015-06-09
2015-06-10,8024.15,8152.25,8023.8,8124.45,141030200.0,6790.27,2015-06-10
2015-06-11,8157.3,8163.05,7958.25,7965.35,171348959.0,7868.44,2015-06-11
2015-06-12,7959.85,7995.6,7940.3,7982.9,140839875.0,6737.25,2015-06-12
2015-06-15,7986.6,8057.7,7944.85,8013.9,137116389.0,6129.12,2015-06-15
2015-06-16,8004.2,8061.85,7952.35,8047.3,127809460.0,5923.8,2015-06-16
2015-06-17,8084.2,8136.85,8048.95,8091.55,157205716.0,7878.66,2015-06-17
2015-06-18,8113.7,8186.9,8101.8,8174.6,149266110.0,7767.77,2015-06-18
2015-06-19,8201.15,8250.8,8195.65,8224.95,151575997.0,7722.05,2015-06-19
2015-06-22,8259.3,8369.45,8257.4,8353.1,126542473.0,6163.02,2015-06-22
2015-06-23,8377.45,8398.45,8334.95,8381.55,135844708.0,6437.33,2015-06-23
2015-06-24,8399.4,8421.35,8338.9,8360.85,134062733.0,7175.22,2015-06-24
2015-06-25,8336.25,8423.15,8329.5,8398.0,207421340.0,9911.16,2015-06-25
2015-06-26,8393.95,8408.55,8339.7,8381.1,113959476.0,5848.78,2015-06-26
2015-06-29,8247.05,8329.45,8195.65,8318.4,136106699.0,6604.12,2015-06-29
2015-06-30,8316.35,8378.0,8298.95,8368.5,163366250.0,8425.52,2015-06-30
2015-07-01,8376.25,8481.6,8370.15,8453.05,135887471.0,6938.05,2015-07-01
2015-07-02,8471.95,8479.25,8433.2,8444.9,115472141.0,6065.26,2015-07-02
2015-07-03,8440.1,8497.75,8424.15,8484.9,91142979.0,4983.21,2015-07-03
2015-07-06,8386.15,8533.15,8386.15,8522.15,104578132.0,5517.86,2015-07-06
2015-07-07,8525.5,8561.35,8483.85,8510.8,126038231.0,6054.41,2015-07-07
2015-07-08,8439.2,8457.5,8341.4,8363.05,193886999.0,8876.81,2015-07-08
2015-07-09,8364.85,8400.3,8323.0,8328.55,135358659.0,6610.4,2015-07-09
2015-07-10,8365.7,8377.1,8315.4,8360.55,158883926.0,8128.47,2015-07-10
2015-07-13,8397.25,8471.65,8355.4,8459.65,121380175.0,6506.28,2015-07-13
2015-07-14,8470.6,8480.25,8424.1,8454.1,104893796.0,5454.41,2015-07-14
2015-07-15,8463.4,8531.4,8462.95,8523.8,108835522.0,5805.53,2015-07-15
2015-07-16,8546.15,8616.1,8542.9,8608.05,119637042.0,6544.15,2015-07-16
2015-07-17,8623.65,8642.95,8593.15,8609.85,108190401.0,5713.13,2015-07-17
2015-07-20,8623.9,8624.1,8559.0,8603.45,93439295.0,5107.62,2015-07-20
2015-07-21,8601.5,8646.75,8517.9,8529.45,169151098.0,10699.52,2015-07-21
2015-07-22,8512.25,8643.9,8498.65,8633.5,141018383.0,7427.34,2015-07-22
2015-07-23,8643.95,8654.75,8573.8,8589.8,136962516.0,7747.81,2015-07-23
2015-07-24,8588.15,8589.15,8513.5,8521.55,131344832.0,6942.22,2015-07-24
2015-07-27,8492.1,8492.2,8351.55,8361.0,140828066.0,7353.09,2015-07-27
2015-07-28,8371.1,8397.4,8321.75,8337.0,179983810.0,8403.15,2015-07-28
2015-07-29,8365.6,8381.5,8338.45,8375.05,145399010.0,7232.34,2015-07-29
2015-07-30,8417.0,8458.9,8408.3,8421.8,221939186.0,10007.3,2015-07-30
2015-07-31,8456.1,8548.95,8448.0,8532.85,209629301.0,9522.19,2015-07-31
2015-08-03,8510.65,8563.95,8508.1,8543.05,161485758.0,7738.1,2015-08-03
2015-08-04,8564.1,8565.15,8448.25,8516.9,193226091.0,9003.82,2015-08-04
2015-08-05,8547.45,8591.85,8545.85,8567.95,136948290.0,6434.82,2015-08-05
2015-08-06,8585.8,8606.3,8551.5,8588.65,139116393.0,6595.25,2015-08-06
2015-08-07,8580.8,8595.95,8552.7,8564.6,148073594.0,6528.28,2015-08-07
2015-08-10,8577.0,8621.55,8497.8,8525.6,127194886.0,5780.49,2015-08-10
2015-08-11,8548.45,8556.25,8441.3,8462.35,159192694.0,7049.29,2015-08-11
2015-08-12,8445.7,8446.95,8337.95,8349.45,195904304.0,8630.35,2015-08-12
2015-08-13,8384.45,8429.5,8339.75,8355.85,195079107.0,7840.58,2015-08-13
2015-08-14,8402.35,8530.1,8381.2,8518.55,160680260.0,7090.58,2015-08-14
2015-08-17,8530.5,8530.6,8428.05,8477.3,180083830.0,6543.01,2015-08-17
2015-08-18,8505.85,8525.75,8433.6,8466.55,157991554.0,6501.24,2015-08-18
2015-08-19,8468.05,8520.45,8425.95,8495.15,134512114.0,6338.67,2015-08-19
2015-08-20,8471.05,8501.35,8359.75,8372.75,189841783.0,9193.19,2015-08-20
2015-08-21,8305.4,8322.2,8225.05,8299.95,207542070.0,9606.33,2015-08-21
2015-08-24,8055.95,8060.05,7769.4,7809.0,322096413.0,13856.66,2015-08-24
2015-08-25,7895.4,7925.4,7667.25,7880.7,308255265.0,13420.76,2015-08-25
2015-08-26,7865.25,7930.05,7777.1,7791.85,223261362.0,10207.56,2015-08-26
2015-08-27,7921.6,7963.6,7862.3,7948.95,314422773.0,14282.73,2015-08-27
2015-08-28,8053.7,8091.8,7961.65,8001.95,201572450.0,8641.87,2015-08-28
2015-08-31,8009.25,8043.6,7947.95,7971.3,204254629.0,9547.7,2015-08-31
2015-09-01,7907.95,7929.1,7746.5,7785.85,190581167.0,8633.26,2015-09-01
2015-09-02,7856.65,7862.55,7699.25,7717.0,222003483.0,9794.29,2015-09-02
2015-09-03,7774.45,7845.6,7754.05,7823.0,160609681.0,7060.37,2015-09-03
2015-09-04,7803.4,7804.9,7626.85,7655.05,199569987.0,8200.69,2015-09-04
2015-09-07,7685.85,7705.05,7545.9,7558.8,145763902.0,5768.15,2015-09-07
2015-09-08,7587.7,7720.9,7539.5,7688.25,177514609.0,7380.17,2015-09-08
2015-09-09,7805.85,7846.05,7764.55,7818.6,214842731.0,8550.1,2015-09-09
2015-09-10,7729.05,7819.85,7678.5,7788.1,165313439.0,6992.42,2015-09-10
2015-09-11,7833.8,7864.85,7759.9,7789.3,140576943.0,6014.16,2015-09-11
2015-09-14,7811.1,7879.95,7761.85,7872.25,126630775.0,5277.75,2015-09-14
2015-09-15,7867.35,7880.0,7799.75,7829.1,140722007.0,6252.35,2015-09-15
2015-09-16,7886.85,7913.9,7853.3,7899.15,144331414.0,6650.61,2015-09-16
2015-09-18,7967.45,8055.0,7955.85,7981.9,249313429.0,11328.64,2015-09-18
2015-09-21,7911.5,7987.9,7908.35,7977.1,125628591.0,5482.45,2015-09-21
2015-09-22,8014.8,8021.6,7787.75,7812.0,173569429.0,7887.06,2015-09-22
2015-09-23,7737.35,7882.9,7723.25,7845.95,151196367.0,6869.26,2015-09-23
2015-09-24,7838.4,7894.5,7804.1,7868.5,208766516.0,9732.18,2015-09-24
2015-09-28,7892.8,7893.95,7787.95,7795.7,140480206.0,7120.05,2015-09-28
2015-09-29,7725.7,7926.55,7691.2,7843.3,248106979.0,11184.67,2015-09-29
2015-09-30,7924.25,7957.7,7874.5,7948.9,217187896.0,9981.56,2015-09-30
2015-10-01,7992.05,8008.25,7930.65,7950.9,161809883.0,8896.78,2015-10-01
2015-10-05,8005.1,8128.9,8005.1,8119.3,188830270.0,9589.63,2015-10-05
2015-10-06,8180.45,8180.95,8096.5,8152.9,184037905.0,8461.64,2015-10-06
2015-10-07,8146.2,8188.9,8132.9,8177.4,199911165.0,7894.19,2015-10-07
2015-10-08,8196.75,8196.75,8105.85,8129.35,177030502.0,7837.16,2015-10-08
2015-10-09,8186.35,8232.2,8139.65,8189.7,205859184.0,7960.62,2015-10-09
2015-10-12,8231.5,8244.5,8128.2,8143.6,205255913.0,7604.3,2015-10-12
2015-10-13,8121.95,8150.25,8088.6,8131.7,150431773.0,6877.36,2015-10-13
2015-10-14,8102.4,8139.3,8096.35,8107.9,143158108.0,6607.21,2015-10-14
2015-10-15,8134.35,8190.55,8129.8,8179.5,172429864.0,7625.17,2015-10-15
2015-10-16,8193.65,8246.4,8147.65,8238.15,161153559.0,6956.78,2015-10-16
2015-10-19,8262.55,8283.05,8239.2,8275.05,128300205.0,6880.43,2015-10-19
2015-10-20,8280.3,8294.05,8229.2,8261.65,159947752.0,7661.53,2015-10-20
2015-10-21,8258.35,8294.4,8217.15,8251.7,149270047.0,6689.35,2015-10-21
2015-10-23,8308.25,8328.1,8280.75,8295.45,156664310.0,7466.28,2015-10-23
2015-10-26,8333.65,8336.3,8252.05,8260.55,138006303.0,6799.49,2015-10-26
2015-10-27,8230.35,8241.95,8217.05,8232.9,161493491.0,8271.49,2015-10-27
2015-10-28,8188.9,8209.1,8131.8,8171.2,194708669.0,9131.44,2015-10-28
2015-10-29,8175.45,8179.6,8098.0,8111.75,224234135.0,10569.95,2015-10-29
2015-10-30,8123.55,8146.1,8044.4,8065.8,205663493.0,9218.39,2015-10-30
2015-11-02,8054.55,8060.7,7995.6,8050.8,140323983.0,6552.67,2015-11-02
2015-11-03,8086.35,8100.35,8031.75,8060.7,136625382.0,5955.64,2015-11-03
2015-11-04,8104.9,8116.1,8027.3,8040.2,125935846.0,5696.01,2015-11-04
2015-11-05,8030.35,8031.2,7944.1,7955.45,136223827.0,6001.38,2015-11-05
2015-11-06,7956.55,8002.65,7926.15,7954.3,,,2015-11-06
2015-11-09,7788.25,7937.75,7771.7,7915.2,218422388.0,9376.17,2015-11-09
2015-11-10,7877.6,7885.1,7772.85,7783.35,170267413.0,7153.47,2015-11-10
2015-11-11,7838.8,7847.95,7819.1,7825.0,22380435.0,1123.44,2015-11-11
2015-11-13,7762.45,7775.1,7730.9,7762.25,165876819.0,7731.55,2015-11-13
2015-11-16,7732.95,7838.85,7714.15,7806.6,154134885.0,6871.15,2015-11-16
2015-11-17,7848.75,7860.45,7793.0,7837.55,149451211.0,6367.14,2015-11-17
2015-11-18,7823.15,7843.4,7725.05,7731.8,148037721.0,6112.32,2015-11-18
2015-11-19,7788.5,7854.9,7765.45,7842.75,136702518.0,7410.15,2015-11-19
2015-11-20,7841.9,7906.95,7817.8,7856.55,156610433.0,7298.01,2015-11-20
2015-11-23,7869.5,7877.5,7825.2,7849.25,130871603.0,6099.09,2015-11-23
2015-11-24,7837.0,7870.35,7812.65,7831.6,134562905.0,6686.27,2015-11-24
2015-11-26,7837.15,7897.1,7832.0,7883.8,226632193.0,11054.04,2015-11-26
2015-11-27,7910.6,7959.3,7879.45,7942.7,154863047.0,7068.72,2015-11-27
2015-11-30,7936.25,7966.0,7922.8,7935.25,223041699.0,15368.67,2015-11-30
2015-12-01,7958.15,7972.15,7934.15,7954.9,142945421.0,6796.67,2015-12-01
2015-12-02,7976.7,7979.3,7910.8,7931.35,130207404.0,6242.53,2015-12-02
2015-12-03,7902.3,7912.3,7853.3,7864.15,129628400.0,5636.41,2015-12-03
2015-12-04,7817.6,7821.4,7775.7,7781.9,157231681.0,7758.36,2015-12-04
2015-12-07,7816.55,7825.4,7746.05,7765.4,141893279.0,6403.97,2015-12-07
2015-12-08,7738.5,7771.25,7685.45,7701.7,139318392.0,5986.06,2015-12-08
2015-12-09,7695.5,7702.85,7606.9,7612.5,144315690.0,6599.6,2015-12-09
2015-12-10,7643.3,7691.95,7610.0,7683.3,145249292.0,6492.02,2015-12-10
2015-12-11,7699.6,7703.05,7575.3,7610.45,172996480.0,6894.44,2015-12-11
2015-12-14,7558.2,7663.95,7551.05,7650.05,153492615.0,6290.42,2015-12-14
2015-12-15,7659.15,7705.0,7625.1,7700.9,138479057.0,6152.14,2015-12-15
2015-12-16,7725.25,7776.6,7715.75,7750.9,159149338.0,6703.76,2015-12-16
2015-12-17,7783.05,7852.9,7737.55,7844.35,181256780.0,7367.15,2015-12-17
2015-12-18,7828.9,7836.15,7753.35,7761.95,197319843.0,8074.5,2015-12-18
2015-12-21,7745.65,7840.75,7733.45,7834.45,130174102.0,5558.38,2015-12-21
2015-12-22,7829.4,7846.3,7776.85,7786.1,129633328.0,5028.11,2015-12-22
2015-12-23,7830.45,7871.45,7826.1,7865.95,121480721.0,4663.45,2015-12-23
2015-12-24,7888.75,7888.75,7835.5,7861.05,96374245.0,3383.99,2015-12-24
2015-12-28,7863.2,7937.2,7863.0,7925.15,126737811.0,5755.48,2015-12-28
2015-12-29,7929.2,7942.15,7902.75,7928.95,116535971.0,4950.36,2015-12-29
2015-12-30,7938.6,7944.75,7889.85,7896.25,110145855.0,4392.87,2015-12-30
2015-12-31,7897.8,7955.55,7891.15,7946.35,155645098.0,6780.85,2015-12-31
2016-01-01,7938.45,7972.55,7909.8,7963.2,64843836.0,2613.91,2016-01-01
2016-01-04,7924.55,7937.55,7781.1,7791.3,138864905.0,5897.08,2016-01-04
2016-01-05,7828.4,7831.2,7763.25,7784.65,149672973.0,5948.51,2016-01-05
2016-01-06,7788.05,7800.95,7721.2,7741.0,151715828.0,6722.17,2016-01-06
2016-01-07,7673.35,7674.95,7556.6,7568.3,194732861.0,7803.21,2016-01-07
2016-01-08,7611.65,7634.1,7581.05,7601.35,162348690.0,6753.57,2016-01-08
2016-01-11,7527.45,7605.1,7494.35,7563.85,194836791.0,7327.15,2016-01-11
2016-01-12,7587.2,7588.3,7487.8,7510.3,168975973.0,7071.48,2016-01-12
2016-01-13,7557.9,7590.95,7425.8,7562.4,221908258.0,9585.17,2016-01-13
2016-01-14,7467.4,7604.8,7443.8,7536.8,206988549.0,9246.75,2016-01-14
2016-01-15,7561.65,7566.5,7427.3,7437.8,203643071.0,8279.07,2016-01-15
2016-01-18,7420.35,7463.65,7336.4,7351.0,240798183.0,8431.56,2016-01-18
2016-01-19,7381.8,7462.75,7364.15,7435.1,194068339.0,7038.84,2016-01-19
2016-01-20,7357.0,7470.9,7241.5,7309.3,232614141.0,8794.16,2016-01-20
2016-01-21,7376.65,7398.7,7250.0,7276.8,248113284.0,9401.16,2016-01-21
2016-01-22,7355.7,7433.4,7327.6,7422.45,236282061.0,7666.39,2016-01-22
2016-01-25,7468.75,7487.15,7421.2,7436.15,168202502.0,5910.99,2016-01-25
2016-01-27,7469.6,7477.9,7419.7,7437.75,193389891.0,6834.77,2016-01-27
2016-01-28,7426.5,7468.85,7409.6,7424.65,283036298.0,10049.88,2016-01-28
2016-01-29,7413.35,7575.65,7402.8,7563.55,307934042.0,11277.33,2016-01-29
2016-02-01,7589.5,7600.45,7541.25,7555.95,206645021.0,8209.5,2016-02-01
2016-02-02,7566.65,7576.3,7428.05,7455.55,237338907.0,8030.99,2016-02-02
2016-02-03,7392.45,7419.4,7350.3,7361.8,197863301.0,6748.17,2016-02-03
2016-02-04,7411.45,7457.05,7365.95,7404.0,229563364.0,7465.35,2016-02-04
2016-02-05,7418.25,7503.15,7406.65,7489.1,257518899.0,8628.24,2016-02-05
2016-02-08,7489.7,7512.55,7363.2,7387.25,176758985.0,5746.45,2016-02-08
2016-02-09,7303.95,7323.45,7275.15,7298.2,218730280.0,7415.13,2016-02-09
2016-02-10,7264.3,7271.85,7177.75,7215.7,254481339.0,8129.65,2016-02-10
2016-02-11,7203.6,7208.65,6959.95,6976.35,301302956.0,9250.27,2016-02-11
2016-02-12,7023.65,7034.8,6869.0,6980.95,344210729.0,11062.63,2016-02-12
2016-02-15,7057.35,7182.8,7056.8,7162.95,365217073.0,10204.34,2016-02-15
2016-02-16,7201.25,7204.65,7037.7,7048.25,261607451.0,7638.39,2016-02-16
2016-02-17,7058.85,7123.7,6960.65,7108.45,268017961.0,7686.32,2016-02-17
2016-02-18,7177.4,7215.1,7127.85,7191.75,254331498.0,8051.51,2016-02-18
2016-02-19,7170.55,7226.85,7145.95,7210.75,198206480.0,6156.58,2016-02-19
2016-02-22,7208.85,7252.4,7200.7,7234.55,159162842.0,5832.89,2016-02-22
2016-02-23,7240.3,7241.7,7090.7,7109.55,200396978.0,6433.16,2016-02-23
2016-02-24,7075.0,7090.8,7009.75,7018.7,205898417.0,6497.18,2016-02-24
2016-02-25,7029.85,7034.2,6961.4,6970.6,291932544.0,9090.16,2016-02-25
2016-02-26,7039.3,7052.9,6985.1,7029.75,213142575.0,6880.96,2016-02-26
2016-02-29,7050.45,7094.6,6825.8,6987.05,487969285.0,15992.15,2016-02-29
2016-03-01,7038.25,7235.5,7035.1,7222.3,283561570.0,9896.58,2016-03-01
2016-03-02,7321.7,7380.35,7308.15,7368.85,348965708.0,10983.06,2016-03-02
2016-03-03,7429.55,7483.95,7406.05,7475.6,287248532.0,9255.43,2016-03-03
2016-03-04,7505.4,7505.9,7444.1,7485.35,290441230.0,8135.06,2016-03-04
2016-03-08,7486.4,7527.15,7442.15,7485.3,264945393.0,8417.86,2016-03-08
2016-03-09,7436.1,7539.0,7424.3,7531.8,252709391.0,9036.29,2016-03-09
2016-03-10,7545.35,7547.1,7447.4,7486.15,231584305.0,8875.92,2016-03-10
2016-03-11,7484.85,7543.95,7460.6,7510.2,204806572.0,7558.55,2016-03-11
2016-03-14,7542.6,7583.7,7515.05,7538.75,172067214.0,6330.45,2016-03-14
2016-03-15,7535.85,7545.2,7452.8,7460.6,199653871.0,7577.78,2016-03-15
2016-03-16,7457.05,7508.0,7405.15,7498.75,201430035.0,7102.59,2016-03-16
2016-03-17,7557.4,7585.3,7479.4,7512.55,247043954.0,9539.89,2016-03-17
2016-03-18,7534.65,7613.6,7517.9,7604.35,244727490.0,9971.59,2016-03-18
2016-03-21,7619.2,7713.55,7617.7,7704.25,202853386.0,8381.51,2016-03-21
2016-03-22,7695.55,7728.2,7643.8,7714.9,215355848.0,8628.05,2016-03-22
2016-03-23,7717.45,7726.85,7670.6,7716.5,205794773.0,7612.54,2016-03-23
2016-03-28,7741.0,7749.4,7587.7,7615.1,249905118.0,10102.36,2016-03-28
2016-03-29,7606.55,7652.9,7582.25,7597.0,223493457.0,10474.75,2016-03-29
2016-03-30,7651.1,7741.95,7643.45,7735.2,239843751.0,9908.6,2016-03-30
2016-03-31,7727.65,7777.6,7702.0,7738.4,391914059.0,15918.74,2016-03-31
2016-04-01,7718.05,7740.15,7666.1,7713.05,189571551.0,8118.47,2016-04-01
2016-04-04,7733.15,7764.45,7704.4,7758.8,160277940.0,6506.44,2016-04-04
2016-04-05,7736.3,7736.3,7588.65,7603.2,210126897.0,8412.34,2016-04-05
2016-04-06,7636.05,7638.65,7591.75,7614.35,170653808.0,6802.69,2016-04-06
2016-04-07,7630.4,7630.75,7535.85,7546.45,241684050.0,7709.23,2016-04-07
2016-04-08,7542.35,7569.35,7526.7,7555.2,147816460.0,5981.23,2016-04-08
2016-04-11,7577.8,7678.8,7516.85,7671.4,185353268.0,7055.61,2016-04-11
2016-04-12,7669.25,7717.4,7663.35,7708.95,168508978.0,6945.44,2016-04-12
2016-04-13,7777.15,7864.8,7772.2,7850.45,227217288.0,10071.44,2016-04-13
2016-04-18,7908.15,7920.6,7842.75,7914.7,190258561.0,10356.03,2016-04-18
2016-04-20,7950.05,7950.4,7877.55,7914.75,211630060.0,10069.83,2016-04-20
2016-04-21,7953.65,7978.45,7884.1,7912.05,230577117.0,9613.3,2016-04-21
2016-04-22,7891.8,7923.35,7873.35,7899.3,188988540.0,7714.04,2016-04-22
2016-04-25,7894.8,7911.0,7827.0,7855.05,150776959.0,7362.13,2016-04-25
2016-04-26,7828.15,7974.5,7822.55,7962.65,208656803.0,9686.21,2016-04-26
2016-04-27,7942.0,7991.0,7940.55,7979.9,213174058.0,9669.04,2016-04-27
2016-04-28,7967.4,7992.0,7834.45,7847.25,301485186.0,14943.3,2016-04-28
2016-04-29,7844.25,7889.05,7788.7,7849.8,251227047.0,9872.58,2016-04-29
2016-05-02,7822.7,7829.8,7777.3,7805.9,150818181.0,6079.16,2016-05-02
2016-05-03,7824.8,7890.25,7735.15,7747.0,192271370.0,8536.83,2016-05-03
2016-05-04,7724.15,7749.0,7697.25,7706.55,205939089.0,7816.27,2016-05-04
2016-05-05,7731.0,7777.55,7706.85,7735.5,190792828.0,8089.45,2016-05-05
2016-05-06,7717.65,7738.9,7678.35,7733.45,168662226.0,6296.51,2016-05-06
2016-05-09,7755.25,7873.65,7753.55,7866.05,165616829.0,7559.77,2016-05-09
2016-05-10,7873.55,7896.9,7837.7,7887.8,166957276.0,7306.72,2016-05-10
2016-05-11,7804.65,7893.1,7780.9,7848.85,220712496.0,9394.05,2016-05-11
2016-05-12,7871.45,7916.05,7849.65,7900.4,157444918.0,7171.91,2016-05-12
2016-05-13,7881.0,7881.0,7784.2,7814.9,185061782.0,10152.08,2016-05-13
2016-05-16,7831.2,7873.9,7772.15,7860.75,211547775.0,7790.24,2016-05-16
2016-05-17,7896.85,7940.1,7879.7,7890.75,189140810.0,8195.95,2016-05-17
2016-05-18,7846.75,7882.05,7810.75,7870.15,161169418.0,7333.13,2016-05-18
2016-05-19,7875.5,7876.2,7766.8,7783.4,175711829.0,7163.38,2016-05-19
2016-05-20,7792.2,7812.4,7735.75,7749.7,161889432.0,6798.89,2016-05-20
2016-05-23,7813.95,7820.6,7722.2,7731.05,177347948.0,7141.74,2016-05-23
2016-05-24,7738.05,7761.55,7715.8,7748.85,151538169.0,6119.23,2016-05-24
2016-05-25,7811.8,7941.2,7809.3,7934.9,181636649.0,8202.39,2016-05-25
2016-05-26,7974.45,8083.0,7948.5,8069.65,272456307.0,12422.0,2016-05-26
2016-05-27,8081.95,8164.2,8077.05,8156.65,268963949.0,10607.22,2016-05-27
2016-05-30,8166.5,8200.0,8150.8,8178.5,255086293.0,9199.38,2016-05-30
2016-05-31,8209.85,8213.6,8134.3,8160.1,485645737.0,21491.53,2016-05-31
2016-06-01,8179.2,8215.35,8171.05,8179.95,200371829.0,8408.53,2016-06-01
2016-06-02,8156.9,8229.5,8154.75,8218.95,187316365.0,8389.69,2016-06-02
2016-06-03,8246.2,8262.0,8209.85,8220.8,390652017.0,10762.52,2016-06-03
2016-06-06,8228.75,8234.7,8186.05,8201.05,176885226.0,7657.92,2016-06-06
2016-06-07,8235.55,8294.95,8216.4,8266.45,249365706.0,10462.49,2016-06-07
2016-06-08,8285.5,8288.9,8252.05,8273.05,179710369.0,7614.02,2016-06-08
2016-06-09,8273.35,8273.35,8184.6,8203.6,180293039.0,7973.1,2016-06-09
2016-06-10,8180.25,8265.6,8162.85,8170.05,187757375.0,7853.83,2016-06-10
2016-06-13,8102.25,8125.25,8063.9,8110.6,174916286.0,7343.99,2016-06-13
2016-06-14,8134.4,8134.95,8069.5,8108.85,150042362.0,6003.23,2016-06-14
2016-06-15,8139.4,8213.2,8123.15,8206.6,174953935.0,6945.89,2016-06-15
2016-06-16,8180.65,8180.65,8074.45,8140.75,195028743.0,7764.57,2016-06-16
2016-06-17,8176.65,8195.25,8135.8,8170.2,171842760.0,7741.9,2016-06-17
2016-06-20,8115.75,8244.15,8107.35,8238.5,173750792.0,7392.97,2016-06-20
2016-06-21,8255.4,8257.25,8202.15,8219.9,141161921.0,5978.26,2016-06-21
2016-06-22,8213.65,8238.35,8153.25,8203.7,140268297.0,6377.69,2016-06-22
2016-06-23,8201.15,8285.6,8188.3,8270.45,158852677.0,6805.86,2016-06-23
2016-06-24,8029.1,8100.7,7927.05,8088.6,306803641.0,13263.08,2016-06-24
2016-06-27,8039.35,8120.65,8039.35,8094.7,167462711.0,7614.06,2016-06-27
2016-06-28,8096.05,8146.35,8086.85,8127.85,175724276.0,7777.39,2016-06-28
2016-06-29,8173.1,8212.4,8157.65,8204.0,151499716.0,6940.87,2016-06-29
2016-06-30,8260.25,8308.15,8242.1,8287.75,288031935.0,12346.32,2016-06-30
2016-07-01,8313.05,8356.75,8308.65,8328.35,170581881.0,7358.38,2016-07-01
2016-07-04,8376.75,8398.45,8364.7,8370.7,158955823.0,6662.92,2016-07-04
2016-07-05,8379.3,8381.45,8319.95,8335.95,143253937.0,5976.01,2016-07-05
2016-07-07,8342.0,8361.95,8317.7,8337.9,160327315.0,7592.94,2016-07-07
2016-07-08,8350.0,8353.3,8287.55,8323.2,142159935.0,6886.33,2016-07-08
2016-07-11,8413.35,8475.25,8407.05,8467.9,154399933.0,7576.69,2016-07-11
2016-07-12,8502.6,8526.6,8479.2,8521.05,189339750.0,7873.74,2016-07-12
2016-07-13,8540.45,8550.25,8493.55,8519.5,201492184.0,8284.38,2016-07-13
2016-07-14,8515.75,8571.4,8500.7,8565.0,158738499.0,6890.07,2016-07-14
2016-07-15,8565.45,8594.8,8510.05,8541.4,228598684.0,12375.84,2016-07-15
2016-07-18,8564.05,8587.1,8494.35,8508.7,169400452.0,8200.06,2016-07-18
2016-07-19,8514.3,8540.05,8476.7,8528.55,173050805.0,7928.14,2016-07-19
2016-07-20,8515.45,8569.9,8512.55,8565.85,165349380.0,7936.36,2016-07-20
2016-07-21,8582.7,8585.25,8503.45,8510.1,154575685.0,7399.71,2016-07-21
2016-07-22,8519.65,8548.95,8489.8,8541.2,147619642.0,6504.0,2016-07-22
2016-07-25,8519.95,8641.15,8517.2,8635.65,154631398.0,7850.12,2016-07-25
2016-07-26,8633.75,8644.9,8577.15,8590.65,159563469.0,8765.45,2016-07-26
2016-07-27,8599.4,8665.0,8572.05,8615.8,189796380.0,10885.88,2016-07-27
2016-07-28,8636.95,8674.7,8625.25,8666.3,240721865.0,12998.06,2016-07-28
2016-07-29,8668.3,8670.35,8631.15,8638.5,161935155.0,8428.8,2016-07-29
2016-08-01,8654.3,8711.3,8590.5,8636.55,194186858.0,9881.67,2016-08-01
2016-08-02,8647.45,8687.2,8611.4,8622.9,174556789.0,8652.31,2016-08-02
2016-08-03,8635.2,8635.45,8529.6,8544.85,168033073.0,8507.82,2016-08-03
2016-08-04,8599.95,8601.4,8518.15,8551.1,169780463.0,7399.03,2016-08-04
2016-08-05,8600.2,8689.4,8590.15,8683.15,162784913.0,7635.01,2016-08-05
2016-08-08,8712.85,8723.5,8697.6,8711.35,177877012.0,7862.15,2016-08-08
2016-08-09,8727.8,8728.35,8638.2,8678.25,206261255.0,9111.4,2016-08-09
2016-08-10,8686.7,8690.1,8564.6,8575.3,178963496.0,8206.18,2016-08-10
2016-08-11,8572.8,8601.15,8540.05,8592.15,195114539.0,8634.8,2016-08-11
2016-08-12,8605.45,8684.3,8604.45,8672.15,272014034.0,11998.86,2016-08-12
2016-08-16,8670.25,8682.35,8600.45,8642.55,231771409.0,10937.35,2016-08-16
2016-08-17,8639.8,8667.1,8603.6,8624.05,179540691.0,8161.38,2016-08-17
2016-08-18,8648.85,8690.7,8645.05,8673.25,169431656.0,7900.6,2016-08-18
2016-08-19,8694.3,8696.6,8647.1,8666.9,197770568.0,8354.88,2016-08-19
2016-08-22,8667.0,8684.85,8614.0,8629.15,156976546.0,7394.57,2016-08-22
2016-08-23,8628.35,8642.15,8580.0,8632.6,193302503.0,7309.82,2016-08-23
2016-08-24,8648.5,8661.05,8620.9,8650.3,154168043.0,7199.72,2016-08-24
2016-08-25,8668.85,8683.05,8583.65,8592.2,219736214.0,10508.32,2016-08-25
2016-08-26,8614.35,8622.95,8547.55,8572.55,152146666.0,7153.37,2016-08-26
2016-08-29,8583.75,8622.0,8543.75,8607.45,133723771.0,6857.99,2016-08-29
2016-08-30,8646.75,8750.6,8642.25,8744.35,154828719.0,8392.76,2016-08-30
2016-08-31,8754.05,8819.2,8754.05,8786.2,373422334.0,22534.29,2016-08-31
2016-09-01,8793.6,8813.25,8759.95,8774.65,246336047.0,9653.93,2016-09-01
2016-09-02,8796.35,8824.1,8768.2,8809.65,197385217.0,8231.93,2016-09-02
2016-09-06,8852.7,8950.85,8848.45,8943.0,201617132.0,9571.31,2016-09-06
2016-09-07,8968.7,8968.7,8913.35,8917.95,299145644.0,11430.95,2016-09-07
2016-09-08,8915.5,8960.35,8896.0,8952.5,223937056.0,10773.98,2016-09-08
2016-09-09,8934.3,8939.15,8858.7,8866.7,181344327.0,9976.28,2016-09-09
2016-09-12,8732.95,8746.95,8699.4,8715.6,190199613.0,9248.73,2016-09-12
2016-09-14,8710.65,8739.85,8688.9,8726.6,189984289.0,9112.57,2016-09-14
2016-09-15,8743.85,8751.95,8704.35,8742.55,149889703.0,7347.34,2016-09-15
2016-09-16,8780.85,8847.65,8750.5,8779.85,274039556.0,14430.63,2016-09-16
2016-09-19,8788.45,8824.3,8774.2,8808.4,135814177.0,7364.64,2016-09-19
2016-09-20,8816.1,8816.45,8759.3,8775.9,140718486.0,7035.07,2016-09-20
2016-09-21,8790.3,8826.85,8757.3,8777.15,153441330.0,7572.41,2016-09-21
2016-09-22,8873.35,8893.35,8837.8,8867.45,178136644.0,9305.56,2016-09-22
2016-09-23,8880.75,8885.2,8820.3,8831.55,191618169.0,9793.98,2016-09-23
2016-09-26,8807.9,8809.55,8715.1,8723.05,169050086.0,8518.5,2016-09-26
2016-09-27,8748.9,8768.5,8690.5,8706.4,156100521.0,7446.12,2016-09-27
2016-09-28,8711.2,8767.05,8703.15,8745.15,170643694.0,8348.19,2016-09-28
2016-09-29,8792.7,8800.65,8558.25,8591.25,384395249.0,19467.3,2016-09-29
2016-09-30,8581.5,8637.15,8555.2,8611.15,187333285.0,8849.27,2016-09-30
2016-10-03,8666.15,8745.2,8635.0,8738.1,141472076.0,7173.62,2016-10-03
2016-10-04,8770.0,8783.65,8736.1,8769.15,189990151.0,8251.59,2016-10-04
2016-10-05,8806.35,8806.95,8731.4,8743.95,162103951.0,6866.33,2016-10-05
2016-10-06,8768.7,8781.15,8684.65,8709.55,168713605.0,8114.93,2016-10-06
2016-10-07,8721.7,8723.7,8663.8,8697.6,155053800.0,8144.3,2016-10-07
2016-10-10,8735.35,8745.8,8703.95,8708.8,111794053.0,5159.83,2016-10-10
2016-10-13,8671.5,8681.55,8541.35,8573.35,218861324.0,10581.55,2016-10-13
2016-10-14,8594.0,8604.45,8549.8,8583.4,167848947.0,9613.47,2016-10-14
2016-10-17,8612.95,8615.4,8506.15,8520.4,203516577.0,8590.35,2016-10-17
2016-10-18,8556.05,8685.1,8555.9,8677.9,216626083.0,9162.11,2016-10-18
2016-10-19,8697.5,8698.75,8636.7,8659.1,177397872.0,7790.01,2016-10-19
2016-10-20,8693.35,8727.0,8678.3,8699.4,165952091.0,7120.32,2016-10-20
2016-10-21,8708.6,8709.1,8652.05,8693.05,162162047.0,8022.44,2016-10-21
2016-10-24,8709.85,8736.95,8684.15,8708.95,161966274.0,6876.28,2016-10-24
2016-10-25,8721.7,8722.65,8663.45,8691.3,195696479.0,8718.02,2016-10-25
2016-10-26,8657.3,8657.3,8596.6,8615.25,226133074.0,9696.9,2016-10-26
2016-10-27,8607.1,8624.85,8550.25,8615.25,250336333.0,12300.53,2016-10-27
2016-10-28,8625.0,8653.75,8581.75,8638.0,180906084.0,8953.72,2016-10-28
2016-10-30,8672.35,8678.25,8616.25,8625.7,16610872.0,805.89,2016-10-30
2016-11-01,8653.15,8669.6,8614.5,8626.25,170068995.0,8441.3,2016-11-01
2016-11-02,8542.8,8549.5,8504.85,8514.0,160130480.0,7683.07,2016-11-02
2016-11-03,8499.85,8537.65,8476.15,8484.95,175773254.0,7558.06,2016-11-03
2016-11-04,8503.6,8504.0,8400.25,8433.75,231783152.0,11798.48,2016-11-04
2016-11-07,8535.75,8535.85,8481.45,8497.05,178070534.0,8436.7,2016-11-07
2016-11-08,8540.0,8559.4,8480.1,8543.55,201759648.0,8515.57,2016-11-08
2016-11-09,8067.5,8476.2,8002.25,8432.0,323968654.0,15536.37,2016-11-09
2016-11-10,8555.6,8598.45,8510.7,8525.75,271196930.0,12386.39,2016-11-10
2016-11-11,8456.65,8460.6,8284.95,8296.3,275221694.0,12485.11,2016-11-11
2016-11-15,8284.85,8288.55,8093.2,8108.45,370298063.0,17387.22,2016-11-15
2016-11-16,8205.65,8210.05,8089.4,8111.6,277801233.0,13705.03,2016-11-16
2016-11-17,8105.1,8151.25,8060.3,8079.95,197183084.0,8713.06,2016-11-17
2016-11-18,8097.55,8128.95,8048.3,8074.1,166199545.0,7901.64,2016-11-18
2016-11-21,8102.1,8102.45,7916.4,7929.1,225608889.0,9199.11,2016-11-21
2016-11-22,7989.15,8019.05,7938.15,8002.3,216677654.0,9000.44,2016-11-22
2016-11-23,8051.2,8055.2,7973.1,8033.3,186602328.0,8681.67,2016-11-23
2016-11-24,8011.8,8024.85,7952.55,7965.5,268619026.0,11868.11,2016-11-24
2016-11-25,8007.95,8122.25,7976.75,8114.3,183355873.0,8920.79,2016-11-25
2016-11-28,8080.65,8146.5,8066.5,8126.9,195595287.0,8666.87,2016-11-28
2016-11-29,8131.55,8197.35,8128.7,8142.15,195618384.0,8486.32,2016-11-29
2016-11-30,8172.15,8234.25,8139.25,8224.5,255725357.0,14473.78,2016-11-30
2016-12-01,8244.0,8250.8,8185.05,8192.9,162597213.0,7720.96,2016-12-01
2016-12-02,8153.55,8159.3,8070.05,8086.8,176767415.0,8050.5,2016-12-02
2016-12-05,8088.75,8141.9,8056.85,8128.75,130435865.0,6432.02,2016-12-05
2016-12-06,8153.15,8178.7,8130.85,8143.15,118854323.0,5417.56,2016-12-06
2016-12-07,8168.4,8190.45,8077.5,8102.05,175024334.0,7900.03,2016-12-07
2016-12-08,8152.1,8256.25,8151.75,8246.85,146857616.0,7275.01,2016-12-08
2016-12-09,8271.7,8274.95,8241.95,8261.75,154344775.0,6866.81,2016-12-09
2016-12-12,8230.65,8230.65,8154.45,8170.8,111432551.0,5026.02,2016-12-12
2016-12-13,8196.15,8228.85,8155.8,8221.8,189739559.0,8976.54,2016-12-13
2016-12-14,8229.35,8229.4,8165.1,8182.45,149132520.0,6763.63,2016-12-14
2016-12-15,8128.4,8225.9,8121.95,8153.6,187425988.0,8579.44,2016-12-15
2016-12-16,8178.2,8178.7,8127.45,8139.45,209268331.0,9854.07,2016-12-16
2016-12-19,8126.0,8132.5,8094.85,8104.35,110669713.0,5272.2,2016-12-19
2016-12-20,8110.6,8124.1,8062.75,8082.4,132026742.0,6296.67,2016-12-20
2016-12-21,8105.85,8112.55,8053.25,8061.3,127543733.0,6304.6,2016-12-21
2016-12-22,8043.85,8046.45,7964.95,7979.1,126409580.0,6206.58,2016-12-22
2016-12-23,7972.5,8022.6,7942.05,7985.75,,,2016-12-23
2016-12-26,7965.1,7970.05,7893.8,7908.25,110171222.0,4808.67,2016-12-26
2016-12-27,7915.05,8044.65,7903.7,8032.85,122463312.0,5282.66,2016-12-27
2016-12-28,8047.55,8100.55,8028.4,8034.85,130580701.0,5816.34,2016-12-28
2016-12-29,8030.6,8111.1,8020.8,8103.6,,,2016-12-29
2016-12-30,8119.65,8197.0,8114.75,8185.8,131457250.0,5800.7,2016-12-30
2017-01-02,8210.1,8212.0,8133.8,8179.5,,,2017-01-02
2017-01-03,8196.05,8219.1,8148.6,8192.25,131186021.0,6053.67,2017-01-03
2017-01-04,8202.65,8218.5,8180.9,8190.5,136476345.0,6543.13,2017-01-04
2017-01-05,8226.65,8282.65,8223.7,8273.8,163957452.0,8180.68,2017-01-05
2017-01-06,8281.85,8306.85,8233.25,8243.8,143689850.0,7298.74,2017-01-06
2017-01-09,8259.35,8263.0,8227.75,8236.05,102211190.0,5197.62,2017-01-09
2017-01-10,8262.7,8293.8,8261.0,8288.6,147312927.0,6904.57,2017-01-10
2017-01-11,8327.8,8389.0,8322.25,8380.65,192285417.0,8938.68,2017-01-11
2017-01-12,8391.05,8417.2,8382.3,8407.2,,,2017-01-12
2017-01-13,8457.65,8461.05,8373.15,8400.35,,,2017-01-13
2017-01-16,8390.95,8426.7,8374.4,8412.8,127938836.0,6043.67,2017-01-16
2017-01-17,8415.05,8440.9,8378.3,8398.0,125781216.0,6389.21,2017-01-17
2017-01-18,8403.85,8460.3,8397.4,8417.0,,,2017-01-18
2017-01-19,8418.4,8445.15,8404.05,8435.1,170956149.0,7324.14,2017-01-19
2017-01-20,8404.35,8423.65,8340.95,8349.35,208901233.0,9014.51,2017-01-20
2017-01-23,8329.6,8404.15,8327.2,8391.5,200993100.0,8664.94,2017-01-23
2017-01-24,8407.05,8480.95,8398.15,8475.8,184745781.0,8524.17,2017-01-24
2017-01-25,8499.45,8612.6,8493.95,8602.75,301490150.0,13901.89,2017-01-25
2017-01-27,8610.5,8672.7,8606.9,8641.25,283905821.0,11568.92,2017-01-27
2017-01-30,8635.55,8662.6,8617.75,8632.75,314110760.0,9333.49,2017-01-30
2017-01-31,8629.45,8631.75,8552.4,8561.3,537110119.0,14721.17,2017-01-31
2017-02-01,8570.35,8722.4,8537.5,8716.4,337797412.0,13494.05,2017-02-01
2017-02-02,8724.75,8757.6,8685.8,8734.25,292329202.0,11555.02,2017-02-02
2017-02-03,8735.15,8748.25,8707.75,8740.95,,,2017-02-03
2017-02-06,8785.45,8814.1,8770.2,8801.05,200403782.0,8701.51,2017-02-06
2017-02-07,8805.7,8809.3,8741.05,8768.3,233294532.0,9060.63,2017-02-07
2017-02-08,8774.55,8791.25,8715.0,8769.05,225485726.0,9110.24,2017-02-08
2017-02-09,8795.55,8821.4,8724.1,8778.4,193282248.0,8972.67,2017-02-09
2017-02-10,8812.35,8822.1,8771.2,8793.55,232947341.0,10320.17,2017-02-10
2017-02-13,8819.8,8826.9,8754.2,8805.05,211180353.0,8659.48,2017-02-13
2017-02-14,8819.9,8820.45,8772.5,8792.3,194133563.0,8494.44,2017-02-14
2017-02-15,8778.95,8807.9,8712.85,8724.7,222828919.0,10472.37,2017-02-15
2017-02-16,8739.0,8783.95,8719.6,8778.0,,,2017-02-16
2017-02-17,8883.7,8896.45,8804.25,8821.7,,,2017-02-17
2017-02-20,8818.55,8886.25,8809.8,8879.2,173022362.0,7833.53,2017-02-20
2017-02-21,8890.75,8920.8,8860.95,8907.85,181091326.0,8863.71,2017-02-21
2017-02-22,8931.6,8960.75,8905.25,8926.9,254677956.0,13514.08,2017-02-22
2017-02-23,8956.4,8982.15,8927.55,8939.5,388874096.0,17243.08,2017-02-23
2017-02-27,8943.7,8951.8,8888.65,8896.7,195847099.0,10388.83,2017-02-27
2017-02-28,8898.95,8914.75,8867.6,8879.6,302722890.0,13819.57,2017-02-28
2017-03-01,8904.4,8960.8,8898.6,8945.8,212328974.0,9681.99,2017-03-01
2017-03-02,8982.85,8992.5,8879.8,8899.75,225608140.0,10075.19,2017-03-02
2017-03-03,8883.5,8907.1,8860.1,8897.55,208915878.0,9783.57,2017-03-03
2017-03-06,8915.1,8967.8,8914.0,8963.45,180194586.0,8955.06,2017-03-06
2017-03-07,8977.75,8977.85,8932.8,8946.9,178827506.0,8149.28,2017-03-07
2017-03-08,8950.7,8957.05,8891.95,8924.3,183325544.0,9489.36,2017-03-08
2017-03-09,8914.5,8945.8,8899.5,8927.0,176810453.0,8493.21,2017-03-09
2017-03-10,8953.7,8975.7,8903.95,8934.55,157419999.0,7385.28,2017-03-10
2017-03-14,9091.65,9122.75,9060.5,9087.0,278726933.0,14087.57,2017-03-14
2017-03-15,9086.85,9106.55,9075.5,9084.8,248033251.0,9671.51,2017-03-15
2017-03-16,9129.65,9158.45,9128.55,9153.7,,,2017-03-16
2017-03-17,9207.8,9218.4,9147.6,9160.05,295554265.0,13226.29,2017-03-17
2017-03-20,9166.95,9167.6,9116.3,9126.85,342395900.0,9251.16,2017-03-20
2017-03-21,9133.95,9147.75,9087.2,9121.5,255396073.0,10191.6,2017-03-21
2017-03-22,9047.2,9072.9,9019.3,9030.45,239463699.0,10065.92,2017-03-22
2017-03-23,9048.75,9099.05,9048.6,9086.3,197705274.0,8699.36,2017-03-23
2017-03-24,9104.0,9133.55,9089.4,9108.0,210021581.0,8853.03,2017-03-24
2017-03-27,9093.45,9094.85,9024.65,9045.2,209036051.0,8921.57,2017-03-27
2017-03-28,9081.5,9110.4,9079.8,9100.8,188985603.0,8139.28,2017-03-28
2017-03-29,9128.7,9153.15,9109.1,9143.8,250902906.0,11089.43,2017-03-29
2017-03-30,9142.6,9183.15,9136.35,9173.75,333410368.0,15585.42,2017-03-30
2017-03-31,9158.9,9191.7,9152.1,9173.75,196771674.0,10955.05,2017-03-31
2017-04-03,9220.6,9245.35,9192.4,9237.85,143444541.0,8337.06,2017-04-03
2017-04-05,9264.4,9273.9,9215.4,9265.15,190529461.0,11461.96,2017-04-05
2017-04-06,9245.8,9267.95,9218.85,9261.95,191937207.0,10332.6,2017-04-06
2017-04-07,9223.7,9250.5,9188.1,9198.3,195918747.0,10217.13,2017-04-07
2017-04-10,9225.6,9225.65,9174.85,9181.45,139968750.0,8140.08,2017-04-10
2017-04-11,9184.55,9242.7,9172.85,9237.0,206261727.0,9385.2,2017-04-11
2017-04-12,9242.5,9246.4,9161.8,9203.45,166755013.0,8412.97,2017-04-12
2017-04-13,9202.5,9202.65,9144.95,9150.8,171695600.0,8908.17,2017-04-13
2017-04-17,9144.75,9160.0,9120.25,9139.3,132244225.0,6473.27,2017-04-17
2017-04-18,9163.0,9217.9,9095.45,9105.15,179569574.0,8527.5,2017-04-18
2017-04-19,9112.2,9120.5,9075.15,9103.5,179117382.0,8950.27,2017-04-19
2017-04-20,9108.1,9143.9,9102.65,9136.4,175629897.0,8843.5,2017-04-20
2017-04-21,9179.1,9183.65,9088.75,9119.4,,,2017-04-21
2017-04-24,9135.35,9225.4,9130.55,9217.95,172908048.0,9720.75,2017-04-24
2017-04-25,9273.05,9309.2,9250.35,9306.6,173896951.0,10426.02,2017-04-25
2017-04-26,9336.2,9367.0,9301.35,9351.85,191395120.0,10483.32,2017-04-26
2017-04-27,9359.15,9367.15,9322.65,9342.15,215881711.0,12910.38,2017-04-27
2017-04-28,9340.95,9342.65,9282.25,9304.05,,,2017-04-28
2017-05-02,9339.85,9352.55,9269.9,9313.8,166558241.0,9110.59,2017-05-02
2017-05-03,9344.7,9346.3,9298.4,9311.95,156342492.0,7975.14,2017-05-03
2017-05-04,9360.95,9365.65,9323.25,9359.9,277895923.0,12379.74,2017-05-04
2017-05-05,9374.55,9377.1,9272.0,9285.3,239133531.0,10466.68,2017-05-05
2017-05-08,9311.45,9338.7,9297.95,9314.05,179709949.0,8300.22,2017-05-08
2017-05-09,9337.35,9338.95,9307.7,9316.85,136417428.0,7504.66,2017-05-09
2017-05-10,9339.65,9414.75,9336.0,9407.3,157363135.0,8619.06,2017-05-10
2017-05-11,9448.6,9450.65,9411.3,9422.4,176439840.0,9289.89,2017-05-11
2017-05-12,9436.65,9437.75,9372.55,9400.9,159079418.0,9813.47,2017-05-12
2017-05-15,9433.55,9449.25,9423.1,9445.4,145163953.0,7790.97,2017-05-15
2017-05-16,9461.0,9517.2,9456.35,9512.25,171709433.0,9209.89,2017-05-16
2017-05-17,9517.6,9532.6,9486.1,9525.75,211856040.0,10726.23,2017-05-17
2017-05-18,9453.2,9489.1,9418.1,9429.45,199340647.0,10782.46,2017-05-18
2017-05-19,9469.9,9505.75,9390.75,9427.9,259861396.0,11544.77,2017-05-19
2017-05-22,9480.25,9498.65,9427.9,9438.25,202874757.0,9432.97,2017-05-22
2017-05-23,9445.05,9448.05,9370.0,9386.15,231345629.0,11553.27,2017-05-23
2017-05-24,9410.9,9431.9,9341.65,9360.55,218265181.0,11045.95,2017-05-24
2017-05-25,9384.05,9523.3,9379.2,9509.75,298147347.0,16964.26,2017-05-25
2017-05-26,9507.75,9604.9,9495.4,9595.1,225647631.0,11204.36,2017-05-26
2017-05-29,9560.05,9637.75,9547.7,9604.9,242266034.0,12484.61,2017-05-29
2017-05-30,9590.65,9635.3,9581.2,9624.55,199894193.0,9765.4,2017-05-30
2017-05-31,9636.55,9649.6,9609.25,9621.25,427053433.0,19605.94,2017-05-31
2017-06-01,9603.55,9634.65,9589.9,9616.1,181533283.0,9482.61,2017-06-01
2017-06-02,9657.15,9673.5,9637.45,9653.5,167195027.0,8564.3,2017-06-02
2017-06-05,9656.3,9687.2,9640.7,9675.1,131685021.0,7192.24,2017-06-05
2017-06-06,9704.25,9709.3,9630.2,9637.15,150379695.0,8416.55,2017-06-06
2017-06-07,9663.95,9678.55,9630.55,9663.9,165669924.0,8989.36,2017-06-07
2017-06-08,9682.4,9688.7,9641.5,9647.25,160165459.0,8822.63,2017-06-08
2017-06-09,9638.55,9676.25,9608.15,9668.25,163897548.0,9078.71,2017-06-09
2017-06-12,9646.7,9647.05,9598.5,9616.4,145786938.0,7686.89,2017-06-12
2017-06-13,9615.55,9654.15,9595.4,9606.9,133734363.0,7056.83,2017-06-13
2017-06-14,9621.55,9627.4,9580.45,9618.15,187378750.0,10540.68,2017-06-14
2017-06-15,9617.9,9621.4,9560.8,9578.05,176423424.0,9868.08,2017-06-15
2017-06-16,9595.45,9615.85,9565.5,9588.05,219808528.0,11920.62,2017-06-16
2017-06-19,9626.4,9673.3,9614.9,9657.55,146146062.0,8144.36,2017-06-19
2017-06-20,9670.5,9676.5,9643.75,9653.5,164437226.0,8476.67,2017-06-20
2017-06-21,9648.1,9650.45,9608.6,9633.6,148490556.0,8023.4,2017-06-21
2017-06-22,9642.65,9698.85,9617.75,9630.0,204888654.0,10738.45,2017-06-22
2017-06-23,9643.25,9647.65,9565.3,9574.95,180580579.0,9092.74,2017-06-23
2017-06-27,9594.05,9615.4,9473.45,9511.4,209593904.0,11084.51,2017-06-27
2017-06-28,9520.2,9522.5,9474.35,9491.25,177652206.0,9103.73,2017-06-28
2017-06-29,9522.95,9575.8,9493.8,9504.1,267283587.0,13395.85,2017-06-29
2017-06-30,9478.5,9535.8,9448.75,9520.9,185202600.0,8783.59,2017-06-30
2017-07-03,9587.95,9624.0,9543.55,9615.0,188690599.0,8720.76,2017-07-03
2017-07-04,9645.9,9650.65,9595.5,9613.3,149313755.0,7774.69,2017-07-04
2017-07-05,9619.75,9643.65,9607.35,9637.6,134849476.0,7311.1,2017-07-05
2017-07-06,9653.6,9700.7,9639.95,9674.55,152001940.0,7539.21,2017-07-06
2017-07-07,9670.35,9684.25,9642.65,9665.8,146232151.0,8514.53,2017-07-07
2017-07-10,9719.3,9782.15,9646.45,9771.05,40142973.0,1920.78,2017-07-10
2017-07-11,9797.45,9830.05,9778.85,9786.05,185322358.0,9908.41,2017-07-11
2017-07-12,9807.3,9824.95,9787.7,9816.1,150045594.0,7966.44,2017-07-12
2017-07-13,9855.8,9897.25,9853.45,9891.7,186866752.0,10244.56,2017-07-13
2017-07-14,9913.3,9913.3,9845.45,9886.35,164456602.0,9187.71,2017-07-14
2017-07-17,9908.15,9928.2,9894.7,9915.95,168596771.0,8310.48,2017-07-17
2017-07-18,9832.7,9885.35,9792.05,9827.15,303007860.0,13184.22,2017-07-18
2017-07-19,9855.95,9905.05,9851.65,9899.6,206376192.0,10935.6,2017-07-19
2017-07-20,9920.2,9922.55,9863.45,9873.3,166083004.0,8942.56,2017-07-20
2017-07-21,9899.6,9924.7,9838.0,9915.25,193286125.0,11860.28,2017-07-21
2017-07-24,9936.8,9982.05,9919.6,9966.4,179905535.0,10837.2,2017-07-24
2017-07-25,10010.55,10011.3,9949.1,9964.55,191206247.0,10491.32,2017-07-25
2017-07-26,9983.65,10025.95,9965.95,10020.65,203697844.0,11403.3,2017-07-26
2017-07-27,10063.25,10114.85,10005.5,10020.55,296782048.0,18601.99,2017-07-27
2017-07-28,9996.55,10026.05,9944.5,10014.5,197491415.0,11996.8,2017-07-28
2017-07-31,10034.7,10085.9,10016.95,10077.1,245096535.0,13131.89,2017-07-31
2017-08-01,10101.05,10128.6,10065.75,10114.65,190000516.0,11515.29,2017-08-01
2017-08-02,10136.3,10137.85,10054.2,10081.5,166463276.0,9165.92,2017-08-02
2017-08-03,10081.15,10081.15,9998.25,10013.65,198665837.0,10714.1,2017-08-03
2017-08-04,10008.6,10075.25,9988.35,10066.4,184082134.0,10397.88,2017-08-04
2017-08-07,10074.8,10088.1,10046.35,10057.4,141566282.0,7827.95,2017-08-07
2017-08-08,10068.35,10083.8,9947.0,9978.55,209645343.0,10780.41,2017-08-08
2017-08-09,9961.15,9969.8,9893.05,9908.05,174395293.0,8831.72,2017-08-09
2017-08-10,9872.85,9892.65,9776.2,9820.25,242820594.0,12040.13,2017-08-10
2017-08-11,9712.15,9771.65,9685.55,9710.8,294732998.0,13435.56,2017-08-11
2017-08-14,9755.75,9818.3,9752.1,9794.15,201613585.0,9486.82,2017-08-14
2017-08-16,9825.85,9903.95,9773.85,9897.3,226269013.0,10815.38,2017-08-16
2017-08-17,9945.55,9947.8,9883.75,9904.15,,,2017-08-17
2017-08-18,9865.95,9865.95,9783.65,9837.4,253931517.0,15636.16,2017-08-18
2017-08-21,9864.25,9884.35,9740.1,9754.35,211627775.0,11764.0,2017-08-21
2017-08-22,9815.75,9828.45,9752.6,9765.55,189267122.0,9850.89,2017-08-22
2017-08-23,9803.05,9857.9,9786.75,9852.5,173815509.0,9961.13,2017-08-23
2017-08-24,9881.2,9881.5,9848.85,9857.05,190398702.0,10392.63,2017-08-24
2017-08-28,9907.15,9925.75,9882.0,9912.8,164493772.0,9900.06,2017-08-28
2017-08-29,9886.4,9887.35,9783.75,9796.05,178668444.0,8469.09,2017-08-29
2017-08-30,9859.5,9909.45,9850.8,9884.4,162704136.0,8008.72,2017-08-30
2017-08-31,9905.7,9925.1,9856.95,9917.9,337782004.0,14619.43,2017-08-31
2017-09-01,9937.65,9983.45,9909.85,9974.4,162730656.0,9314.82,2017-09-01
2017-09-04,9984.15,9988.4,9861.0,9912.85,153369495.0,8069.64,2017-09-04
2017-09-05,9933.25,9963.1,9901.05,9952.2,143522342.0,7566.62,2017-09-05
2017-09-06,9899.25,9931.55,9882.55,9916.2,153767846.0,8926.98,2017-09-06
2017-09-07,9945.85,9964.85,9917.2,9929.9,194626599.0,9455.48,2017-09-07
2017-09-08,9958.65,9963.6,9913.3,9934.8,168698771.0,8792.49,2017-09-08
2017-09-11,9971.75,10028.65,9968.8,10006.05,178409875.0,9545.94,2017-09-11
2017-09-12,10056.85,10097.55,10028.05,10093.05,188248293.0,9894.2,2017-09-12
2017-09-13,10099.25,10131.95,10063.15,10079.3,221608053.0,10682.41,2017-09-13
2017-09-14,10107.4,10126.5,10070.35,10086.6,232637517.0,11047.46,2017-09-14
2017-09-15,10062.35,10115.15,10043.65,10085.4,274799134.0,13650.9,2017-09-15
2017-09-18,10133.1,10171.7,10131.3,10153.1,160852680.0,8106.66,2017-09-18
2017-09-19,10175.6,10178.95,10129.95,10147.55,193345992.0,8796.21,2017-09-19
2017-09-20,10160.95,10171.05,10134.2,10141.15,205605243.0,10105.71,2017-09-20
2017-09-21,10139.6,10158.9,10058.6,10121.9,197710666.0,11114.28,2017-09-21
2017-09-22,10094.35,10095.05,9952.8,9964.4,233621596.0,11941.88,2017-09-22
2017-09-25,9960.1,9960.5,9816.05,9872.6,228206970.0,11258.68,2017-09-25
2017-09-26,9875.25,9891.35,9813.0,9871.5,196792799.0,9754.02,2017-09-26
2017-09-27,9920.6,9921.05,9714.4,9735.75,206305991.0,10127.39,2017-09-27
2017-09-28,9736.4,9789.2,9687.55,9768.95,396874518.0,18962.4,2017-09-28
2017-09-29,9814.3,9854.0,9775.35,9788.6,202350211.0,11087.11,2017-09-29
2017-10-03,9893.3,9895.4,9831.05,9859.5,167833406.0,9698.55,2017-10-03
2017-10-04,9884.35,9938.3,9850.65,9914.9,160993982.0,8790.29,2017-10-04
2017-10-05,9927.0,9945.95,9881.85,9888.7,152362417.0,7823.55,2017-10-05
2017-10-06,9908.15,9989.35,9906.6,9979.7,201858899.0,9986.18,2017-10-06
2017-10-09,9988.2,10015.75,9959.45,9988.75,148395842.0,7425.19,2017-10-09
2017-10-10,10013.7,10034.0,10002.3,10016.95,153246570.0,8055.5,2017-10-10
2017-10-11,10042.6,10067.25,9955.8,9984.8,195593061.0,10227.9,2017-10-11
2017-10-12,10011.2,10104.45,9977.1,10096.4,207106672.0,10579.8,2017-10-12
2017-10-13,10123.7,10191.9,10120.1,10167.45,237230047.0,12379.8,2017-10-13
2017-10-16,10207.4,10242.95,10175.1,10230.85,209327364.0,11774.68,2017-10-16
2017-10-17,10227.65,10251.85,10212.6,10234.45,201782377.0,10422.81,2017-10-17
2017-10-18,10209.4,10236.45,10175.75,10210.85,262111790.0,13177.83,2017-10-18
2017-10-19,10210.35,10211.95,10123.35,10146.55,31086379.0,1685.16,2017-10-19
2017-10-23,10176.65,10224.15,10124.5,10184.85,224799211.0,12144.31,2017-10-23
2017-10-24,10218.55,10237.75,10182.4,10207.7,223914325.0,11539.73,2017-10-24
2017-10-25,10321.15,10340.55,10240.9,10295.35,612620774.0,25922.51,2017-10-25
2017-10-26,10291.8,10355.65,10271.85,10343.8,443036008.0,23135.46,2017-10-26
2017-10-27,10362.3,10366.15,10311.3,10323.05,322411410.0,15149.9,2017-10-27
2017-10-30,10353.85,10384.5,10344.3,10363.65,244193178.0,12558.7,2017-10-30
2017-10-31,10364.9,10367.7,10323.95,10335.3,239809700.0,12830.06,2017-10-31
2017-11-01,10390.35,10451.65,10383.05,10440.5,268270466.0,14206.21,2017-11-01
2017-11-02,10440.5,10453.0,10412.55,10423.8,207735021.0,10779.63,2017-11-02
2017-11-03,10461.55,10461.7,10403.6,10452.5,206101238.0,10070.83,2017-11-03
2017-11-06,10431.75,10490.45,10413.75,10451.8,199559409.0,10231.76,2017-11-06
2017-11-07,10477.15,10485.75,10340.8,10350.15,295830692.0,16182.46,2017-11-07
2017-11-08,10361.95,10384.25,10285.5,10303.15,282950322.0,14789.39,2017-11-08
2017-11-09,10358.65,10368.45,10266.95,10308.95,,,2017-11-09
2017-11-10,10304.35,10344.95,10254.1,10321.75,287962940.0,14682.6,2017-11-10
2017-11-14,10223.4,10248.0,10175.55,10186.6,314413476.0,15398.97,2017-11-14
2017-11-15,10171.95,10175.45,10094.0,10118.05,213836202.0,11609.18,2017-11-15
2017-11-16,10152.9,10232.25,10139.2,10214.75,188180035.0,9995.55,2017-11-16
2017-11-17,10324.55,10343.6,10268.05,10283.6,209592893.0,11023.35,2017-11-17
2017-11-20,10287.2,10309.85,10261.5,10298.75,,,2017-11-20
2017-11-21,10329.25,10358.7,10315.05,10326.9,,,2017-11-21
2017-11-22,10350.8,10368.7,10309.55,10342.3,,,2017-11-22
2017-11-23,10358.45,10374.3,10307.3,10348.75,157651842.0,8789.42,2017-11-23
2017-11-24,10366.8,10404.5,10362.25,10389.7,133177324.0,8197.66,2017-11-24
2017-11-27,10361.05,10407.15,10340.2,10399.55,146276512.0,7551.71,2017-11-27
2017-11-28,10387.9,10409.55,10355.2,10370.25,202050866.0,9979.25,2017-11-28
2017-11-29,10376.65,10392.95,10345.9,10361.3,157192930.0,8852.8,2017-11-29
2017-11-30,10332.7,10332.7,10211.25,10226.55,353105240.0,19005.56,2017-11-30
2017-12-01,10263.7,10272.7,10108.55,10121.8,147765528.0,8518.58,2017-12-01
2017-12-04,10175.05,10179.2,10095.7,10127.75,153240126.0,8458.66,2017-12-04
2017-12-05,10118.25,10147.95,10069.1,10118.25,160253042.0,8749.09,2017-12-05
2017-12-06,10088.8,10104.2,10033.35,10044.1,171208366.0,9598.82,2017-12-06
2017-12-07,10063.45,10182.65,10061.9,10166.7,171339022.0,9910.28,2017-12-07
2017-12-08,10198.45,10270.85,10195.25,10265.65,206234019.0,11468.15,2017-12-08
2017-12-11,10310.5,10329.2,10282.05,10322.25,152034656.0,8453.76,2017-12-11
2017-12-12,10324.9,10326.1,10230.2,10240.15,180546894.0,10380.24,2017-12-12
2017-12-13,10236.6,10296.55,10169.85,10192.95,187191964.0,10070.44,2017-12-13
2017-12-14,10229.3,10276.1,10141.55,10252.1,159103960.0,9549.23,2017-12-14
2017-12-15,10345.65,10373.1,10319.65,10333.25,262974703.0,15106.77,2017-12-15
2017-12-18,10263.1,10443.55,10074.8,10388.75,237506982.0,12921.61,2017-12-18
2017-12-19,10414.8,10472.2,10406.0,10463.2,174340665.0,10982.95,2017-12-19
2017-12-20,10494.4,10494.45,10437.15,10444.2,180597460.0,11303.0,2017-12-20
2017-12-21,10473.95,10473.95,10426.9,10440.3,156646972.0,9411.2,2017-12-21
2017-12-22,10457.3,10501.1,10448.25,10493.0,143119167.0,8755.32,2017-12-22
2017-12-26,10512.3,10545.45,10477.95,10531.5,160417384.0,9043.77,2017-12-26
2017-12-29,10492.35,10538.7,10488.65,10530.7,156736221.0,8943.1,2017-12-29
2018-01-01,10531.7,10537.85,10423.1,10435.55,134532090.0,7546.56,2018-01-01
2018-01-02,10477.55,10495.2,10404.65,10442.2,158092430.0,8665.47,2018-01-02
2018-01-03,10482.65,10503.6,10429.55,10443.2,172516859.0,9541.6,2018-01-03
2018-01-04,10469.4,10513.0,10441.45,10504.8,180257392.0,9561.95,2018-01-04
2018-01-05,10534.25,10566.1,10520.1,10558.85,186469717.0,10306.22,2018-01-05
2018-01-08,10591.7,10631.2,10588.55,10623.6,,,2018-01-08
2018-01-09,10645.1,10659.15,10603.6,10637.0,,,2018-01-09
2018-01-10,10652.05,10655.5,10592.7,10632.2,181900014.0,9720.65,2018-01-10
2018-01-11,10637.05,10664.6,10612.35,10651.2,158630055.0,9635.01,2018-01-11
2018-01-12,10682.55,10690.4,10597.1,10681.25,180592153.0,11005.12,2018-01-12
2018-01-15,10718.5,10782.65,10713.8,10741.55,181262074.0,11333.11,2018-01-15
2018-01-16,10761.5,10762.35,10687.85,10700.45,217468081.0,12709.44,2018-01-16
2018-01-17,10702.45,10803.0,10666.75,10788.55,260488465.0,14334.26,2018-01-17
2018-01-19,10829.2,10906.85,10793.9,10894.7,214011963.0,11792.26,2018-01-19
2018-01-23,10997.4,11092.9,10994.55,11083.7,293445774.0,16423.91,2018-01-23
2018-01-24,11069.35,11110.1,11046.15,11086.0,292197072.0,16915.14,2018-01-24
2018-01-25,11095.6,11095.6,11009.2,11069.65,340469462.0,19939.54,2018-01-25
2018-01-29,11079.35,11171.55,11075.95,11130.4,249220726.0,16118.36,2018-01-29
2018-01-31,11018.8,11058.5,10979.3,11027.7,253462573.0,14459.69,2018-01-31
2018-02-02,10938.2,10954.95,10736.1,10760.6,291431992.0,16542.51,2018-02-02
2018-02-05,10604.3,10702.75,10586.8,10666.55,247479157.0,13980.63,2018-02-05
2018-02-06,10295.15,10594.15,10276.3,10498.25,274656443.0,15606.34,2018-02-06
2018-02-07,10607.2,10614.0,10446.4,10476.7,258095424.0,13971.66,2018-02-07
2018-02-08,10518.5,10637.8,10479.55,10576.85,239407938.0,12569.23,2018-02-08
2018-02-09,10416.5,10480.2,10398.2,10454.95,197502912.0,10602.15,2018-02-09
2018-02-12,10518.2,10555.5,10485.4,10539.75,224114801.0,11133.78,2018-02-12
2018-02-14,10585.75,10590.55,10456.65,10500.9,236329440.0,12188.94,2018-02-14
2018-02-15,10537.9,10618.1,10511.05,10545.5,217090245.0,11035.38,2018-02-15
2018-02-16,10596.2,10612.9,10434.05,10452.3,190043189.0,10026.71,2018-02-16
